"DESCRIPTION","DURATION IN MS","NAME","PARENT SUITE","START TIME","STATUS","STOP TIME","SUB SUITE","SUITE","TEST CLASS","TEST METHOD"
"","228","Get Imaging by plan_code-InvalidPlanCode","FamaEMR - Test pack","Tue Mar 04 13:51:51 GMT 2025","passed","Tue Mar 04 13:51:51 GMT 2025","Services > Imaging by plan_code","SUPER_ADMIN","",""
"","193","Create Department - Access Denied","FamaEMR - Test pack","Tue Mar 04 13:50:17 GMT 2025","passed","Tue Mar 04 13:50:17 GMT 2025","Departments > Departments - Create Department","SUPER_ADMIN","",""
"","197","Register(staff) - Role Required","FamaEMR - Test pack","Tue Mar 04 13:50:10 GMT 2025","passed","Tue Mar 04 13:50:10 GMT 2025","Authentication > Authentication - Register (staff)","SUPER_ADMIN","",""
"","223","CreateSponsor","FamaEMR - Test pack","Tue Mar 04 13:50:38 GMT 2025","failed","Tue Mar 04 13:50:39 GMT 2025","Sponsors > CreateSponsor","SUPER_ADMIN","",""
"","224","Update unique sponsor-NotFound","FamaEMR - Test pack","Tue Mar 04 13:50:41 GMT 2025","passed","Tue Mar 04 13:50:41 GMT 2025","Sponsors > Update-Unique-sponsor","SUPER_ADMIN","",""
"","186","Get Unique Plan by Name-ExpiredToken","FamaEMR - Test pack","Tue Mar 04 13:52:32 GMT 2025","passed","Tue Mar 04 13:52:32 GMT 2025","Sponsors > Get Unique Plan by Name","DOCTOR","",""
"","222","Fetch Unique Sponsor (uuid)","FamaEMR - Test pack","Tue Mar 04 13:53:20 GMT 2025","failed","Tue Mar 04 13:53:20 GMT 2025","Sponsors > Fetch Unique Sponsor (uuid)","RECEPTIONIST","",""
"","184","Delete Sponsor","FamaEMR - Test pack","Tue Mar 04 13:51:43 GMT 2025","passed","Tue Mar 04 13:51:43 GMT 2025","Sponsors > Sponsor-DEL","SUPER_ADMIN","",""
"","186","Get Investigation by plan_code-NoToken","FamaEMR - Test pack","Tue Mar 04 13:51:50 GMT 2025","passed","Tue Mar 04 13:51:50 GMT 2025","Services > Investigation by plan_code","SUPER_ADMIN","",""
"","192","Create Department - Invalid Token","FamaEMR - Test pack","Tue Mar 04 13:50:17 GMT 2025","passed","Tue Mar 04 13:50:17 GMT 2025","Departments > Departments - Create Department","SUPER_ADMIN","",""
"","189","Fetch Service by type-InvalidServiceType","FamaEMR - Test pack","Tue Mar 04 13:53:25 GMT 2025","passed","Tue Mar 04 13:53:25 GMT 2025","Services > fetch all services by type","RECEPTIONIST","",""
"","332","Login(staff) - Doctor-Successful","FamaEMR - Test pack","Tue Mar 04 13:51:53 GMT 2025","passed","Tue Mar 04 13:51:53 GMT 2025","Authentication > Authntication-Login(ClinicalStaff)","DOCTOR","",""
"","187","Schedule-Receptionist-NoToken","FamaEMR - Test pack","Tue Mar 04 13:52:55 GMT 2025","passed","Tue Mar 04 13:52:55 GMT 2025","Appointment > Appointment > Appointment-Schedule","RECEPTIONIST","",""
"","190","Get Unique by uuid-InvalidToken","FamaEMR - Test pack","Tue Mar 04 13:50:33 GMT 2025","passed","Tue Mar 04 13:50:33 GMT 2025","Users(Staff) > Users(Staff)-Unique-uuid","SUPER_ADMIN","",""
"","258","UpdateUniqueSponsor -FieldsRequired","FamaEMR - Test pack","Tue Mar 04 13:50:41 GMT 2025","failed","Tue Mar 04 13:50:42 GMT 2025","Sponsors > Update-Unique-sponsor","SUPER_ADMIN","",""
"","187","Forgot Password - Missing Email Field","FamaEMR - Test pack","Tue Mar 04 13:51:56 GMT 2025","failed","Tue Mar 04 13:51:56 GMT 2025","Authentication > Authentication-ForgotPassword","DOCTOR","",""
"","190","Change Password-AccessDenied","FamaEMR - Test pack","Tue Mar 04 13:50:30 GMT 2025","failed","Tue Mar 04 13:50:30 GMT 2025","Users(Staff) > Users(staff)-Password","SUPER_ADMIN","",""
"","188","Unique Patient Appointment (patient upi)-InvalidToken","FamaEMR - Test pack","Tue Mar 04 13:52:27 GMT 2025","passed","Tue Mar 04 13:52:27 GMT 2025","Appointment > Appointment-Patient upi","DOCTOR","",""
"","188","Get Unique Appointment-SuperAdmin-InvalidToken","FamaEMR - Test pack","Tue Mar 04 13:50:36 GMT 2025","passed","Tue Mar 04 13:50:36 GMT 2025","Appointment > Appointment-GetUnique","SUPER_ADMIN","",""
"","187","Fetch Service by type-InvalidToken","FamaEMR - Test pack","Tue Mar 04 13:53:25 GMT 2025","passed","Tue Mar 04 13:53:25 GMT 2025","Services > fetch all services by type","RECEPTIONIST","",""
"","190","Get Unique Appointment-ExpiredToken","FamaEMR - Test pack","Tue Mar 04 13:52:57 GMT 2025","passed","Tue Mar 04 13:52:57 GMT 2025","Appointment > Appointment > Appointment-GetUnique","RECEPTIONIST","",""
"","265","Get otherservice by plan_code-Successful","FamaEMR - Test pack","Tue Mar 04 13:51:51 GMT 2025","passed","Tue Mar 04 13:51:52 GMT 2025","Services > Otherservice by plan_code","SUPER_ADMIN","",""
"","190","Get Imaging by plan_code-ExpiredToken","FamaEMR - Test pack","Tue Mar 04 13:51:51 GMT 2025","passed","Tue Mar 04 13:51:51 GMT 2025","Services > Imaging by plan_code","SUPER_ADMIN","",""
"","1877","Forgot - Successful","FamaEMR - Test pack","Tue Mar 04 13:52:39 GMT 2025","passed","Tue Mar 04 13:52:41 GMT 2025","Authentication > Authentication-ForgotPassword","RECEPTIONIST","",""
"","185","Delete Unique Patient","FamaEMR - Test pack","Tue Mar 04 13:50:29 GMT 2025","passed","Tue Mar 04 13:50:29 GMT 2025","Users (Patient) > Users(Patient)-DEL","SUPER_ADMIN","",""
"","346","Get Clinical Staff-Receptionist","FamaEMR - Test pack","Tue Mar 04 13:52:51 GMT 2025","passed","Tue Mar 04 13:52:51 GMT 2025","Users(Staff) > Users(Staff)-Clinical","RECEPTIONIST","",""
"","194","Get Investigation by plan_code-ExpireToken","FamaEMR - Test pack","Tue Mar 04 13:53:26 GMT 2025","passed","Tue Mar 04 13:53:26 GMT 2025","Services > Investigation by plan_code","RECEPTIONIST","",""
"","189","Verify Token-Successful","FamaEMR - Test pack","Tue Mar 04 13:51:56 GMT 2025","failed","Tue Mar 04 13:51:56 GMT 2025","Authentication > Authentication-VerifyToken","DOCTOR","",""
"","230","Get Unique Plan by Name-Successful","FamaEMR - Test pack","Tue Mar 04 13:51:44 GMT 2025","passed","Tue Mar 04 13:51:45 GMT 2025","Sponsors > Get Unique Plan by Name","SUPER_ADMIN","",""
"","226","Get Unique Patient(upi)-Receptionist-Successful","FamaEMR - Test pack","Tue Mar 04 13:52:47 GMT 2025","passed","Tue Mar 04 13:52:48 GMT 2025","Users(Patient) > Users(Patient)-Unique(upi)","RECEPTIONIST","",""
"","6276","fetch-all","FamaEMR - Test pack","Tue Mar 04 13:52:06 GMT 2025","passed","Tue Mar 04 13:52:12 GMT 2025","Diagnosis > FetchAll","DOCTOR","",""
"","393","Register Patient - Super Admin - Self-Successful","FamaEMR - Test pack","Tue Mar 04 13:50:21 GMT 2025","passed","Tue Mar 04 13:50:22 GMT 2025","Users (Patient) > Users(Patient) - Register","SUPER_ADMIN","",""
"","194","Schedule-Receptionist-FieldsRequired","FamaEMR - Test pack","Tue Mar 04 13:52:55 GMT 2025","passed","Tue Mar 04 13:52:55 GMT 2025","Appointment > Appointment > Appointment-Schedule","RECEPTIONIST","",""
"","188","All Sponsor Plans-NoToken","FamaEMR - Test pack","Tue Mar 04 13:52:30 GMT 2025","passed","Tue Mar 04 13:52:31 GMT 2025","Sponsors > Sponsor-GetAll","DOCTOR","",""
"","260","Create Sponsor Plan-Successful","FamaEMR - Test pack","Tue Mar 04 13:50:42 GMT 2025","failed","Tue Mar 04 13:50:42 GMT 2025","Sponsors > CreateSponsorPlan","SUPER_ADMIN","",""
"","188","fetch all services-NoToken","FamaEMR - Test pack","Tue Mar 04 13:51:48 GMT 2025","passed","Tue Mar 04 13:51:48 GMT 2025","Services > fetch all services","SUPER_ADMIN","",""
"","315","Create-Service-SponsorNotFound","FamaEMR - Test pack","Tue Mar 04 13:53:23 GMT 2025","passed","Tue Mar 04 13:53:23 GMT 2025","Services > Service-Create","RECEPTIONIST","",""
"","260","Get Investigation by plan_code -Successful","FamaEMR - Test pack","Tue Mar 04 13:53:25 GMT 2025","passed","Tue Mar 04 13:53:25 GMT 2025","Services > Investigation by plan_code","RECEPTIONIST","",""
"","226","Get Imaging by plan_code-InvalidPlanCode","FamaEMR - Test pack","Tue Mar 04 13:53:27 GMT 2025","failed","Tue Mar 04 13:53:27 GMT 2025","Services > Imaging by plan_code","RECEPTIONIST","",""
"","189","Schedule-SuperAdmin-InvalidToken","FamaEMR - Test pack","Tue Mar 04 13:50:34 GMT 2025","passed","Tue Mar 04 13:50:34 GMT 2025","Appointment > Appointment-Schedule","SUPER_ADMIN","",""
"","221","Update Appointment (uuid)","FamaEMR - Test pack","Tue Mar 04 13:50:37 GMT 2025","passed","Tue Mar 04 13:50:37 GMT 2025","Appointment > Appointment-Update","SUPER_ADMIN","",""
"","190","Fetch generic Drugs-NoToken","FamaEMR - Test pack","Tue Mar 04 13:50:38 GMT 2025","passed","Tue Mar 04 13:50:38 GMT 2025","Drugs-FetchGenricDrugs","SUPER_ADMIN","",""
"","259","DiagnosisCreate","FamaEMR - Test pack","Tue Mar 04 13:52:05 GMT 2025","failed","Tue Mar 04 13:52:05 GMT 2025","Diagnosis > Diagnosis-Create","DOCTOR","",""
"","193","Register Patient-Receptionist-InvalidToken","FamaEMR - Test pack","Tue Mar 04 13:52:45 GMT 2025","passed","Tue Mar 04 13:52:45 GMT 2025","Users(Patient) > Users(Patient)-Register","RECEPTIONIST","",""
"","191","Create Department - Expired Token","FamaEMR - Test pack","Tue Mar 04 13:50:17 GMT 2025","passed","Tue Mar 04 13:50:17 GMT 2025","Departments > Departments - Create Department","SUPER_ADMIN","",""
"","187","Get Unique Plan by Name-NoToken","FamaEMR - Test pack","Tue Mar 04 13:53:21 GMT 2025","passed","Tue Mar 04 13:53:21 GMT 2025","Sponsors > Get Unique Plan by Name","RECEPTIONIST","",""
"","188","Get Appointments-SuperAdmin-InvalidToken","FamaEMR - Test pack","Tue Mar 04 13:50:35 GMT 2025","passed","Tue Mar 04 13:50:35 GMT 2025","Appointment > Appointment-Get","SUPER_ADMIN","",""
"","222","CreateSponsor -SponsorExist","FamaEMR - Test pack","Tue Mar 04 13:50:39 GMT 2025","passed","Tue Mar 04 13:50:39 GMT 2025","Sponsors > CreateSponsor","SUPER_ADMIN","",""
"","194","Create Role - Access Denied","FamaEMR - Test pack","Tue Mar 04 13:50:19 GMT 2025","passed","Tue Mar 04 13:50:20 GMT 2025","Roles > Role - Create","SUPER_ADMIN","",""
"","328","Get otherservice by plan_code_InvalidPlanCode","FamaEMR - Test pack","Tue Mar 04 13:53:28 GMT 2025","failed","Tue Mar 04 13:53:28 GMT 2025","Services > Otherservice by plan_code","RECEPTIONIST","",""
"","1459","Get All Patient- Doctor","FamaEMR - Test pack","Tue Mar 04 13:51:59 GMT 2025","passed","Tue Mar 04 13:52:01 GMT 2025","Users(Patient) > Users(Patient) - ALL","DOCTOR","",""
"","191","Login(staff) - Admin- Invalid Email","FamaEMR - Test pack","Tue Mar 04 13:50:12 GMT 2025","passed","Tue Mar 04 13:50:12 GMT 2025","Authentication > Authentication - Login (staff) - Admin","SUPER_ADMIN","",""
"","188","Change Password-InvalidToken","FamaEMR - Test pack","Tue Mar 04 13:50:30 GMT 2025","passed","Tue Mar 04 13:50:30 GMT 2025","Users(Staff) > Users(staff)-Password","SUPER_ADMIN","",""
"","221","Search Patient by uuid-Receptionist","FamaEMR - Test pack","Tue Mar 04 13:52:49 GMT 2025","passed","Tue Mar 04 13:52:49 GMT 2025","Users(Patient) > Users(PatientSearch)","RECEPTIONIST","",""
"","187","Fetch Unique Sponsor (uuid)-NotFound","FamaEMR - Test pack","Tue Mar 04 13:52:31 GMT 2025","failed","Tue Mar 04 13:52:31 GMT 2025","Sponsors > Fetch Unique Sponsor (uuid)","DOCTOR","",""
"","190","Create Role - Name Required","FamaEMR - Test pack","Tue Mar 04 13:50:20 GMT 2025","passed","Tue Mar 04 13:50:20 GMT 2025","Roles > Role - Create","SUPER_ADMIN","",""
"","223","Add Generic Name","FamaEMR - Test pack","Tue Mar 04 13:52:27 GMT 2025","failed","Tue Mar 04 13:52:28 GMT 2025","Drugs-AddGeneric","DOCTOR","",""
"","254","Create Department - Department Already Exists","FamaEMR - Test pack","Tue Mar 04 13:50:17 GMT 2025","passed","Tue Mar 04 13:50:17 GMT 2025","Departments > Departments - Create Department","SUPER_ADMIN","",""
"","7135","fetch-all-Successful","FamaEMR - Test pack","Tue Mar 04 13:52:58 GMT 2025","passed","Tue Mar 04 13:53:05 GMT 2025","Diagnosis-FetchAll","RECEPTIONIST","",""
"","190","Search Patient by upi-SuperAdmin-InvalidToken","FamaEMR - Test pack","Tue Mar 04 13:50:27 GMT 2025","passed","Tue Mar 04 13:50:27 GMT 2025","Users (Patient) > Users(PatientSearch)","SUPER_ADMIN","",""
"","387","Change Password-Successful","FamaEMR - Test pack","Tue Mar 04 13:50:29 GMT 2025","passed","Tue Mar 04 13:50:29 GMT 2025","Users(Staff) > Users(staff)-Password","SUPER_ADMIN","",""
"","190","fetch all services-InvalidToken","FamaEMR - Test pack","Tue Mar 04 13:51:48 GMT 2025","passed","Tue Mar 04 13:51:48 GMT 2025","Services > fetch all services","SUPER_ADMIN","",""
"","221","Create-AlreadyExist","FamaEMR - Test pack","Tue Mar 04 13:52:05 GMT 2025","passed","Tue Mar 04 13:52:05 GMT 2025","Diagnosis > Diagnosis-Create","DOCTOR","",""
"","187","Fetch Sponsors-InValidToken","FamaEMR - Test pack","Tue Mar 04 13:50:40 GMT 2025","passed","Tue Mar 04 13:50:40 GMT 2025","Sponsors > FetchSponsor","SUPER_ADMIN","",""
"","191","All Sponsor Plans-InvalidToken","FamaEMR - Test pack","Tue Mar 04 13:51:43 GMT 2025","passed","Tue Mar 04 13:51:43 GMT 2025","Sponsors > Sponsor-GetAll","SUPER_ADMIN","",""
"","185","All Sponsor Plans-InvalidToken","FamaEMR - Test pack","Tue Mar 04 13:52:30 GMT 2025","passed","Tue Mar 04 13:52:30 GMT 2025","Sponsors > Sponsor-GetAll","DOCTOR","",""
"","191","Fetch Sponsors-ExpiredToken","FamaEMR - Test pack","Tue Mar 04 13:53:19 GMT 2025","passed","Tue Mar 04 13:53:19 GMT 2025","Sponsors > FetchSponsor","RECEPTIONIST","",""
"","224","Get Unique by uuid-NotFound","FamaEMR - Test pack","Tue Mar 04 13:50:33 GMT 2025","passed","Tue Mar 04 13:50:33 GMT 2025","Users(Staff) > Users(Staff)-Unique-uuid","SUPER_ADMIN","",""
"","190","Get Clinical Staff-SuperAdmin-ExpiredToken","FamaEMR - Test pack","Tue Mar 04 13:50:31 GMT 2025","passed","Tue Mar 04 13:50:31 GMT 2025","Users(Staff) > Users(Staff)-Clinical","SUPER_ADMIN","",""
"","227","Fetch Unique Sponsor (uuid)-Successful","FamaEMR - Test pack","Tue Mar 04 13:51:44 GMT 2025","failed","Tue Mar 04 13:51:44 GMT 2025","Sponsors > Fetch Unique Sponsor (uuid)","SUPER_ADMIN","",""
"","192","Unique Patient Appointment (patient upi)-ExpiredToken","FamaEMR - Test pack","Tue Mar 04 13:50:37 GMT 2025","passed","Tue Mar 04 13:50:37 GMT 2025","Appointment > Appointment-Patient upi","SUPER_ADMIN","",""
"","188","Change Password-NoToken","FamaEMR - Test pack","Tue Mar 04 13:50:30 GMT 2025","passed","Tue Mar 04 13:50:30 GMT 2025","Users(Staff) > Users(staff)-Password","SUPER_ADMIN","",""
"","326","Login(staff) - Receptionist","FamaEMR - Test pack","Tue Mar 04 13:50:16 GMT 2025","passed","Tue Mar 04 13:50:16 GMT 2025","Departments > Departments - Create Department","SUPER_ADMIN","",""
"","194","Get Unique Appointment-ExpiredToken","FamaEMR - Test pack","Tue Mar 04 13:52:26 GMT 2025","passed","Tue Mar 04 13:52:26 GMT 2025","Appointment > Appointment-GetUnique","DOCTOR","",""
"","192","Get otherservice by plan_code-ExpiredCode","FamaEMR - Test pack","Tue Mar 04 13:53:28 GMT 2025","passed","Tue Mar 04 13:53:28 GMT 2025","Services > Otherservice by plan_code","RECEPTIONIST","",""
"","190","Unique Patient Appointment (patient upi)-ExpiredToken","FamaEMR - Test pack","Tue Mar 04 13:52:27 GMT 2025","passed","Tue Mar 04 13:52:27 GMT 2025","Appointment > Appointment-Patient upi","DOCTOR","",""
"","187","fetch all services-NoToken","FamaEMR - Test pack","Tue Mar 04 13:53:23 GMT 2025","passed","Tue Mar 04 13:53:24 GMT 2025","Services > fetch all services","RECEPTIONIST","",""
"","7","Unique Encounter by (appointment_uuid)","FamaEMR - Test pack","Tue Mar 04 13:53:30 GMT 2025","broken","Tue Mar 04 13:53:30 GMT 2025","New Folder","Encounter","",""
"","189","Update Patient (upi)-ExpiredToken","FamaEMR - Test pack","Tue Mar 04 13:52:04 GMT 2025","passed","Tue Mar 04 13:52:04 GMT 2025","Users(Patient) > Users(Patient)-Update(upi)","DOCTOR","",""
"","223","Get Unique Appointment-NoFound","FamaEMR - Test pack","Tue Mar 04 13:50:36 GMT 2025","passed","Tue Mar 04 13:50:36 GMT 2025","Appointment > Appointment-GetUnique","SUPER_ADMIN","",""
"","188","Fetch Departments -No Token","FamaEMR - Test pack","Tue Mar 04 13:52:43 GMT 2025","passed","Tue Mar 04 13:52:43 GMT 2025","Departments","RECEPTIONIST","",""
"","194","CreateSponsor-NoToken","FamaEMR - Test pack","Tue Mar 04 13:50:39 GMT 2025","passed","Tue Mar 04 13:50:40 GMT 2025","Sponsors > CreateSponsor","SUPER_ADMIN","",""
"","327","Login(staff) - Receptionist -Successful","FamaEMR - Test pack","Tue Mar 04 13:52:38 GMT 2025","passed","Tue Mar 04 13:52:38 GMT 2025","Authentication > Authntication-Login(NonClinicalStaff)","RECEPTIONIST","",""
"","222","Get Roles - Super Admin - Not Found","FamaEMR - Test pack","Tue Mar 04 13:50:20 GMT 2025","passed","Tue Mar 04 13:50:21 GMT 2025","Roles > Role - Get Roles","SUPER_ADMIN","",""
"","220","Fetch Unique Sponsor (uuid)-NotFound","FamaEMR - Test pack","Tue Mar 04 13:53:20 GMT 2025","passed","Tue Mar 04 13:53:20 GMT 2025","Sponsors > Fetch Unique Sponsor (uuid)","RECEPTIONIST","",""
"","187","Fetch Service by type-NoToken","FamaEMR - Test pack","Tue Mar 04 13:53:24 GMT 2025","passed","Tue Mar 04 13:53:24 GMT 2025","Services > fetch all services by type","RECEPTIONIST","",""
"","221","Get Roles-Receptionist-NotFound","FamaEMR - Test pack","Tue Mar 04 13:52:53 GMT 2025","passed","Tue Mar 04 13:52:53 GMT 2025","Role-GetRoles","RECEPTIONIST","",""
"","222","Get Unique Plan by Name- NotFound","FamaEMR - Test pack","Tue Mar 04 13:52:32 GMT 2025","failed","Tue Mar 04 13:52:32 GMT 2025","Sponsors > Get Unique Plan by Name","DOCTOR","",""
"","190","Get All Patient-Doctor-ExpiredToken","FamaEMR - Test pack","Tue Mar 04 13:52:01 GMT 2025","passed","Tue Mar 04 13:52:01 GMT 2025","Users(Patient) > Users(Patient) - ALL","DOCTOR","",""
"","221","Get otherservice by plan_code_InvalidPlanCode","FamaEMR - Test pack","Tue Mar 04 13:51:52 GMT 2025","passed","Tue Mar 04 13:51:53 GMT 2025","Services > Otherservice by plan_code","SUPER_ADMIN","",""
"","188","Fetch Service by type-NoToken","FamaEMR - Test pack","Tue Mar 04 13:51:49 GMT 2025","passed","Tue Mar 04 13:51:49 GMT 2025","Services > fetch all services by type","SUPER_ADMIN","",""
"","190","Create-Service-NoToken","FamaEMR - Test pack","Tue Mar 04 13:53:22 GMT 2025","passed","Tue Mar 04 13:53:22 GMT 2025","Services > Service-Create","RECEPTIONIST","",""
"","187","Fetch Unique Sponsor (uuid)-NoToken","FamaEMR - Test pack","Tue Mar 04 13:52:31 GMT 2025","passed","Tue Mar 04 13:52:31 GMT 2025","Sponsors > Fetch Unique Sponsor (uuid)","DOCTOR","",""
"","227","Search Patient by lastname-Receptionist-successful","FamaEMR - Test pack","Tue Mar 04 13:52:48 GMT 2025","passed","Tue Mar 04 13:52:48 GMT 2025","Users(Patient) > Users(PatientSearch)","RECEPTIONIST","",""
"","201","Reset Password - Missing Token","FamaEMR - Test pack","Tue Mar 04 13:50:16 GMT 2025","passed","Tue Mar 04 13:50:16 GMT 2025","Authentication > Authentication - Reset Password","SUPER_ADMIN","",""
"","222","Login(staff)- Receptionist-NotFound","FamaEMR - Test pack","Tue Mar 04 13:52:38 GMT 2025","failed","Tue Mar 04 13:52:38 GMT 2025","Authentication > Authntication-Login(NonClinicalStaff)","RECEPTIONIST","",""
"","221","Login(staff)- Doctor-NotFound","FamaEMR - Test pack","Tue Mar 04 13:51:53 GMT 2025","failed","Tue Mar 04 13:51:53 GMT 2025","Authentication > Authntication-Login(ClinicalStaff)","DOCTOR","",""
"","286","Create-Service-InvalidPrice","FamaEMR - Test pack","Tue Mar 04 13:53:22 GMT 2025","failed","Tue Mar 04 13:53:23 GMT 2025","Services > Service-Create","RECEPTIONIST","",""
"","189","Unique Patient Appointment (patient upi)-ExpiredToken","FamaEMR - Test pack","Tue Mar 04 13:52:58 GMT 2025","passed","Tue Mar 04 13:52:58 GMT 2025","Appointment > Appointment > Appointment-Patient upi","RECEPTIONIST","",""
"","296","Create- Invalid-UUID","FamaEMR - Test pack","Tue Mar 04 13:53:29 GMT 2025","passed","Tue Mar 04 13:53:30 GMT 2025","Create Encounter","Encounter","",""
"","192","Add Generic-FieldsRequired","FamaEMR - Test pack","Tue Mar 04 13:52:28 GMT 2025","failed","Tue Mar 04 13:52:28 GMT 2025","Drugs-AddGeneric","DOCTOR","",""
"","188","Get Appointments-NoToken","FamaEMR - Test pack","Tue Mar 04 13:50:35 GMT 2025","passed","Tue Mar 04 13:50:35 GMT 2025","Appointment > Appointment-Get","SUPER_ADMIN","",""
"","327","Login(staff) - Admin - Invalid Password","FamaEMR - Test pack","Tue Mar 04 13:50:12 GMT 2025","failed","Tue Mar 04 13:50:12 GMT 2025","Authentication > Authentication - Login (staff) - Admin","SUPER_ADMIN","",""
"","193","Create Department - Name Required","FamaEMR - Test pack","Tue Mar 04 13:50:17 GMT 2025","passed","Tue Mar 04 13:50:18 GMT 2025","Departments > Departments - Create Department","SUPER_ADMIN","",""
"","267","Update Patient (upi)-Update-Successful","FamaEMR - Test pack","Tue Mar 04 13:52:50 GMT 2025","passed","Tue Mar 04 13:52:50 GMT 2025","Users(Patient) > Users(Patient)-Update(upi)","RECEPTIONIST","",""
"","187","Fetch Sponsors-NoToken","FamaEMR - Test pack","Tue Mar 04 13:52:30 GMT 2025","passed","Tue Mar 04 13:52:30 GMT 2025","Sponsors > FetchSponsor","DOCTOR","",""
"","185","Delete Unique Patient","FamaEMR - Test pack","Tue Mar 04 13:52:04 GMT 2025","passed","Tue Mar 04 13:52:05 GMT 2025","Users(Patient) > Users(Patient)-DEL","DOCTOR","",""
"","220","Get Unique Plan by Name- NotFound","FamaEMR - Test pack","Tue Mar 04 13:53:21 GMT 2025","failed","Tue Mar 04 13:53:21 GMT 2025","Sponsors > Get Unique Plan by Name","RECEPTIONIST","",""
"","188","Fetch Service by type-NoToken","FamaEMR - Test pack","Tue Mar 04 13:52:34 GMT 2025","passed","Tue Mar 04 13:52:34 GMT 2025","Services > fetch all services by type","DOCTOR","",""
"","188","Search Patient by upi-Doctor-InvalidToken","FamaEMR - Test pack","Tue Mar 04 13:52:03 GMT 2025","passed","Tue Mar 04 13:52:03 GMT 2025","Users(Patient) > Users(PatientSearch)","DOCTOR","",""
"","188","Get otherservice by plan_code-ExpiredCode","FamaEMR - Test pack","Tue Mar 04 13:51:52 GMT 2025","passed","Tue Mar 04 13:51:52 GMT 2025","Services > Otherservice by plan_code","SUPER_ADMIN","",""
"","187","Non Clinical Staff-InvalidToken","FamaEMR - Test pack","Tue Mar 04 13:50:32 GMT 2025","passed","Tue Mar 04 13:50:32 GMT 2025","Users(Staff) > Users(Staff)-NoneClinical","SUPER_ADMIN","",""
"","202","Update Patient (upi)-EmptyFields","FamaEMR - Test pack","Tue Mar 04 13:50:28 GMT 2025","passed","Tue Mar 04 13:50:28 GMT 2025","Users (Patient) > Users(Patient)-Update(upi)","SUPER_ADMIN","",""
"","193","Schedule-SuperAdmin-FieldsRequired","FamaEMR - Test pack","Tue Mar 04 13:50:34 GMT 2025","passed","Tue Mar 04 13:50:35 GMT 2025","Appointment > Appointment-Schedule","SUPER_ADMIN","",""
"","188","All Sponsor Plans-NoToken","FamaEMR - Test pack","Tue Mar 04 13:51:43 GMT 2025","passed","Tue Mar 04 13:51:44 GMT 2025","Sponsors > Sponsor-GetAll","SUPER_ADMIN","",""
"","188","Get Unique Plan by Name-InvalidToken","FamaEMR - Test pack","Tue Mar 04 13:51:45 GMT 2025","passed","Tue Mar 04 13:51:45 GMT 2025","Sponsors > Get Unique Plan by Name","SUPER_ADMIN","",""
"","186","Get Imaging by plan_code-NoToken","FamaEMR - Test pack","Tue Mar 04 13:52:36 GMT 2025","passed","Tue Mar 04 13:52:36 GMT 2025","Services > Imaging by plan_code","DOCTOR","",""
"","220","Unique Patient Appointment (patient upi)-Receptionist-NotFound","FamaEMR - Test pack","Tue Mar 04 13:52:57 GMT 2025","passed","Tue Mar 04 13:52:57 GMT 2025","Appointment > Appointment > Appointment-Patient upi","RECEPTIONIST","",""
"","190","Get otherservice by plan_code-ExpiredCode","FamaEMR - Test pack","Tue Mar 04 13:52:37 GMT 2025","passed","Tue Mar 04 13:52:37 GMT 2025","Services > Otherservice by plan_code","DOCTOR","",""
"","216","Delete Role by ID - invalid ID","FamaEMR - Test pack","Tue Mar 04 13:50:21 GMT 2025","passed","Tue Mar 04 13:50:21 GMT 2025","Roles > Role - Delete","SUPER_ADMIN","",""
"","188","Unique Patient Appointment (patient upi)-InvalidToken","FamaEMR - Test pack","Tue Mar 04 13:50:37 GMT 2025","passed","Tue Mar 04 13:50:37 GMT 2025","Appointment > Appointment-Patient upi","SUPER_ADMIN","",""
"","189","Fetch Unique Sponsor (uuid)-InvalidToken","FamaEMR - Test pack","Tue Mar 04 13:51:44 GMT 2025","passed","Tue Mar 04 13:51:44 GMT 2025","Sponsors > Fetch Unique Sponsor (uuid)","SUPER_ADMIN","",""
"","190","Get Appointments-ExpiredToken","FamaEMR - Test pack","Tue Mar 04 13:52:25 GMT 2025","passed","Tue Mar 04 13:52:25 GMT 2025","Appointment > Appointment-Get","DOCTOR","",""
"","189","Fetch Service by type-InvalidServiceType","FamaEMR - Test pack","Tue Mar 04 13:51:49 GMT 2025","passed","Tue Mar 04 13:51:49 GMT 2025","Services > fetch all services by type","SUPER_ADMIN","",""
"","189","Get Unique Plan by Name-ExpiredToken","FamaEMR - Test pack","Tue Mar 04 13:51:45 GMT 2025","passed","Tue Mar 04 13:51:45 GMT 2025","Sponsors > Get Unique Plan by Name","SUPER_ADMIN","",""
"","277","Fetch All Encounter","FamaEMR - Test pack","Tue Mar 04 13:53:30 GMT 2025","passed","Tue Mar 04 13:53:30 GMT 2025","New Folder","Encounter","",""
"","201","Register Patient-Doctor-InvalidEmail","FamaEMR - Test pack","Tue Mar 04 13:51:59 GMT 2025","passed","Tue Mar 04 13:51:59 GMT 2025","Users(Patient) > Users(Patient)-Register","DOCTOR","",""
"","188","UpdateUniqueSponsor-InvalidToken","FamaEMR - Test pack","Tue Mar 04 13:50:41 GMT 2025","passed","Tue Mar 04 13:50:41 GMT 2025","Sponsors > Update-Unique-sponsor","SUPER_ADMIN","",""
"","186","Fetch Sponsors-InValidToken","FamaEMR - Test pack","Tue Mar 04 13:52:29 GMT 2025","passed","Tue Mar 04 13:52:30 GMT 2025","Sponsors > FetchSponsor","DOCTOR","",""
"","223","Unique Patient Appointment (patient upi)-SuperAdmin-NotFound","FamaEMR - Test pack","Tue Mar 04 13:50:36 GMT 2025","passed","Tue Mar 04 13:50:37 GMT 2025","Appointment > Appointment-Patient upi","SUPER_ADMIN","",""
"","226","Search Patient by lastname-Doctor","FamaEMR - Test pack","Tue Mar 04 13:52:02 GMT 2025","passed","Tue Mar 04 13:52:02 GMT 2025","Users(Patient) > Users(PatientSearch)","DOCTOR","",""
"","190","Fetch generic Drugs-InvalidToken","FamaEMR - Test pack","Tue Mar 04 13:53:18 GMT 2025","passed","Tue Mar 04 13:53:18 GMT 2025","Drugs-FetchGenricDrugs","RECEPTIONIST","",""
"","224","Fetch Sponsors-Successful","FamaEMR - Test pack","Tue Mar 04 13:50:40 GMT 2025","passed","Tue Mar 04 13:50:40 GMT 2025","Sponsors > FetchSponsor","SUPER_ADMIN","",""
"","263","Get Appointments-Doctor","FamaEMR - Test pack","Tue Mar 04 13:52:25 GMT 2025","failed","Tue Mar 04 13:52:25 GMT 2025","Appointment > Appointment-Get","DOCTOR","",""
"","430","Register(staff) - Successful Clinical registration","FamaEMR - Test pack","Tue Mar 04 13:50:08 GMT 2025","passed","Tue Mar 04 13:50:09 GMT 2025","Authentication > Authentication - Register (staff)","SUPER_ADMIN","",""
"","225","Search Patient by upi-Doctor","FamaEMR - Test pack","Tue Mar 04 13:52:03 GMT 2025","passed","Tue Mar 04 13:52:03 GMT 2025","Users(Patient) > Users(PatientSearch)","DOCTOR","",""
"","192","Register Patient-Doctor-InvalidToken","FamaEMR - Test pack","Tue Mar 04 13:51:59 GMT 2025","passed","Tue Mar 04 13:51:59 GMT 2025","Users(Patient) > Users(Patient)-Register","DOCTOR","",""
"","6","Get encounter by billing status","FamaEMR - Test pack","Tue Mar 04 13:53:30 GMT 2025","broken","Tue Mar 04 13:53:30 GMT 2025","New Folder","Encounter","",""
"","219","Get Investigation by plan_code-InvalidPlanCode","FamaEMR - Test pack","Tue Mar 04 13:53:26 GMT 2025","failed","Tue Mar 04 13:53:26 GMT 2025","Services > Investigation by plan_code","RECEPTIONIST","",""
"","191","Verify Token- Missing Token","FamaEMR - Test pack","Tue Mar 04 13:50:15 GMT 2025","passed","Tue Mar 04 13:50:15 GMT 2025","Authentication > Authentication - Verify Token","SUPER_ADMIN","",""
"","360","Get Clinical Staff-SuperAdmin","FamaEMR - Test pack","Tue Mar 04 13:50:30 GMT 2025","passed","Tue Mar 04 13:50:31 GMT 2025","Users(Staff) > Users(Staff)-Clinical","SUPER_ADMIN","",""
"","5968","fetch-all-InvalidToken","FamaEMR - Test pack","Tue Mar 04 13:53:05 GMT 2025","passed","Tue Mar 04 13:53:11 GMT 2025","Diagnosis-FetchAll","RECEPTIONIST","",""
"","188","Search Patient by uuid-SuperAdmin-InvalidToken","FamaEMR - Test pack","Tue Mar 04 13:50:28 GMT 2025","passed","Tue Mar 04 13:50:28 GMT 2025","Users (Patient) > Users(PatientSearch)","SUPER_ADMIN","",""
"","345","Non Clinical Staff-Successful","FamaEMR - Test pack","Tue Mar 04 13:50:31 GMT 2025","passed","Tue Mar 04 13:50:32 GMT 2025","Users(Staff) > Users(Staff)-NoneClinical","SUPER_ADMIN","",""
"","227","Fetch Service by type-Successful","FamaEMR - Test pack","Tue Mar 04 13:51:48 GMT 2025","passed","Tue Mar 04 13:51:49 GMT 2025","Services > fetch all services by type","SUPER_ADMIN","",""
"","223","Login(staff)- Admin-Not Found","FamaEMR - Test pack","Tue Mar 04 13:50:11 GMT 2025","passed","Tue Mar 04 13:50:12 GMT 2025","Authentication > Authentication - Login (staff) - Admin","SUPER_ADMIN","",""
"","190","Create-Service-ExpiredToken","FamaEMR - Test pack","Tue Mar 04 13:53:22 GMT 2025","passed","Tue Mar 04 13:53:22 GMT 2025","Services > Service-Create","RECEPTIONIST","",""
"","188","Get Unique Patient(upi)-SuperAdmin-InvalidToken","FamaEMR - Test pack","Tue Mar 04 13:50:26 GMT 2025","passed","Tue Mar 04 13:50:26 GMT 2025","Users (Patient) > Users(Patient)-Unique(upi)","SUPER_ADMIN","",""
"","260","Get otherservice by plan_code-Successful","FamaEMR - Test pack","Tue Mar 04 13:53:27 GMT 2025","passed","Tue Mar 04 13:53:28 GMT 2025","Services > Otherservice by plan_code","RECEPTIONIST","",""
"","186","Get Investigation by plan_code-NoToken","FamaEMR - Test pack","Tue Mar 04 13:52:35 GMT 2025","passed","Tue Mar 04 13:52:35 GMT 2025","Services > Investigation by plan_code","DOCTOR","",""
"","258","Get Imaging by plan_code","FamaEMR - Test pack","Tue Mar 04 13:52:36 GMT 2025","passed","Tue Mar 04 13:52:36 GMT 2025","Services > Imaging by plan_code","DOCTOR","",""
"","189","Get Unique Plan by Name-InvalidToken","FamaEMR - Test pack","Tue Mar 04 13:52:32 GMT 2025","passed","Tue Mar 04 13:52:32 GMT 2025","Sponsors > Get Unique Plan by Name","DOCTOR","",""
"","198","Register Patient-Doctor-ExpiredToken","FamaEMR - Test pack","Tue Mar 04 13:51:58 GMT 2025","passed","Tue Mar 04 13:51:58 GMT 2025","Users(Patient) > Users(Patient)-Register","DOCTOR","",""
"","190","Create-InvalidToken","FamaEMR - Test pack","Tue Mar 04 13:53:30 GMT 2025","passed","Tue Mar 04 13:53:30 GMT 2025","Create Encounter","Encounter","",""
"","191","Search Patient by upi-Receptionist-InvalidToken","FamaEMR - Test pack","Tue Mar 04 13:52:49 GMT 2025","passed","Tue Mar 04 13:52:49 GMT 2025","Users(Patient) > Users(PatientSearch)","RECEPTIONIST","",""
"","192","Register Patient-Receptionist-NoToken","FamaEMR - Test pack","Tue Mar 04 13:52:45 GMT 2025","passed","Tue Mar 04 13:52:45 GMT 2025","Users(Patient) > Users(Patient)-Register","RECEPTIONIST","",""
"","188","Fetch Sponsors-InValidToken","FamaEMR - Test pack","Tue Mar 04 13:53:18 GMT 2025","passed","Tue Mar 04 13:53:19 GMT 2025","Sponsors > FetchSponsor","RECEPTIONIST","",""
"","210","Non Clinical Staff-ExpiredToken","FamaEMR - Test pack","Tue Mar 04 13:50:32 GMT 2025","passed","Tue Mar 04 13:50:32 GMT 2025","Users(Staff) > Users(Staff)-NoneClinical","SUPER_ADMIN","",""
"","264","Register(staff) - Clinical - AOS-Fee-Required","FamaEMR - Test pack","Tue Mar 04 13:50:09 GMT 2025","failed","Tue Mar 04 13:50:10 GMT 2025","Authentication > Authentication - Register (staff)","SUPER_ADMIN","",""
"","191","Search Patient Doctor-ExpiredToken","FamaEMR - Test pack","Tue Mar 04 13:52:02 GMT 2025","passed","Tue Mar 04 13:52:03 GMT 2025","Users(Patient) > Users(PatientSearch)","DOCTOR","",""
"","6","Update Encounter by (appointment_uuid)","FamaEMR - Test pack","Tue Mar 04 13:53:30 GMT 2025","broken","Tue Mar 04 13:53:30 GMT 2025","New Folder","Encounter","",""
"","189","Get Unique Plan by Name-ExpiredToken","FamaEMR - Test pack","Tue Mar 04 13:53:21 GMT 2025","passed","Tue Mar 04 13:53:21 GMT 2025","Sponsors > Get Unique Plan by Name","RECEPTIONIST","",""
"","188","Get Unique Appointment-Doctor-InvalidToken","FamaEMR - Test pack","Tue Mar 04 13:52:26 GMT 2025","passed","Tue Mar 04 13:52:26 GMT 2025","Appointment > Appointment-GetUnique","DOCTOR","",""
"","229","Search Patient by upi-SuperAdmin-Successful","FamaEMR - Test pack","Tue Mar 04 13:50:27 GMT 2025","passed","Tue Mar 04 13:50:27 GMT 2025","Users (Patient) > Users(PatientSearch)","SUPER_ADMIN","",""
"","194","Register Patient-SuperAdmin-InvalidToken","FamaEMR - Test pack","Tue Mar 04 13:50:23 GMT 2025","passed","Tue Mar 04 13:50:23 GMT 2025","Users (Patient) > Users(Patient) - Register","SUPER_ADMIN","",""
"","341","Non Clinical Staff-Successful","FamaEMR - Test pack","Tue Mar 04 13:52:52 GMT 2025","passed","Tue Mar 04 13:52:52 GMT 2025","Users(Staff) > Users(Staff)-NoneClinical","RECEPTIONIST","",""
"","193","Get Unique by uuid-AccessDenied","FamaEMR - Test pack","Tue Mar 04 13:50:33 GMT 2025","failed","Tue Mar 04 13:50:34 GMT 2025","Users(Staff) > Users(Staff)-Unique-uuid","SUPER_ADMIN","",""
"","234","Register(staff) - Clinical - Email Exists","FamaEMR - Test pack","Tue Mar 04 13:50:09 GMT 2025","failed","Tue Mar 04 13:50:09 GMT 2025","Authentication > Authentication - Register (staff)","SUPER_ADMIN","",""
"","259","Get Roles - Receptionist-Successful","FamaEMR - Test pack","Tue Mar 04 13:52:53 GMT 2025","passed","Tue Mar 04 13:52:54 GMT 2025","Role > Role-GetRoles > Role - Get Roles","RECEPTIONIST","",""
"","224","Get Unique Patient(upi)-SuperAdmin-NotFound","FamaEMR - Test pack","Tue Mar 04 13:50:26 GMT 2025","passed","Tue Mar 04 13:50:26 GMT 2025","Users (Patient) > Users(Patient)-Unique(upi)","SUPER_ADMIN","",""
"","364","Login(staff) - Doctor","FamaEMR - Test pack","Tue Mar 04 13:50:08 GMT 2025","passed","Tue Mar 04 13:50:08 GMT 2025","Authentication > Authentication - Register (staff)","SUPER_ADMIN","",""
"","188","Get Clinical Staff-Receptionist-InvalidToken","FamaEMR - Test pack","Tue Mar 04 13:52:51 GMT 2025","passed","Tue Mar 04 13:52:51 GMT 2025","Users(Staff) > Users(Staff)-Clinical","RECEPTIONIST","",""
"","253","Create Sponsor-AlreadyExist","FamaEMR - Test pack","Tue Mar 04 13:50:42 GMT 2025","passed","Tue Mar 04 13:50:42 GMT 2025","Sponsors > CreateSponsorPlan","SUPER_ADMIN","",""
"","186","fetch all services-NoToken","FamaEMR - Test pack","Tue Mar 04 13:52:33 GMT 2025","passed","Tue Mar 04 13:52:33 GMT 2025","Services > fetch all services","DOCTOR","",""
"","189","DiagnosisCreate-Others","FamaEMR - Test pack","Tue Mar 04 13:52:05 GMT 2025","failed","Tue Mar 04 13:52:05 GMT 2025","Diagnosis > Diagnosis-Create","DOCTOR","",""
"","199","Schedule-SuperAdmin-Successful","FamaEMR - Test pack","Tue Mar 04 13:50:34 GMT 2025","failed","Tue Mar 04 13:50:34 GMT 2025","Appointment > Appointment-Schedule","SUPER_ADMIN","",""
"","187","Add Generic-NoToken","FamaEMR - Test pack","Tue Mar 04 13:52:28 GMT 2025","passed","Tue Mar 04 13:52:28 GMT 2025","Drugs-AddGeneric","DOCTOR","",""
"","189","Get Unique Patient(upi)-SuperAdmin-ExpiredToken","FamaEMR - Test pack","Tue Mar 04 13:50:26 GMT 2025","passed","Tue Mar 04 13:50:26 GMT 2025","Users (Patient) > Users(Patient)-Unique(upi)","SUPER_ADMIN","",""
"","187","Fetch Unique Sponsor (uuid)-InvalidToken","FamaEMR - Test pack","Tue Mar 04 13:52:31 GMT 2025","passed","Tue Mar 04 13:52:31 GMT 2025","Sponsors > Fetch Unique Sponsor (uuid)","DOCTOR","",""
"","226","Get Unique Patient(upi)-Doctor","FamaEMR - Test pack","Tue Mar 04 13:52:01 GMT 2025","passed","Tue Mar 04 13:52:02 GMT 2025","Users(Patient) > Users(Patient)-Unique(upi)","DOCTOR","",""
"","688","fetch all services-Successful","FamaEMR - Test pack","Tue Mar 04 13:51:47 GMT 2025","passed","Tue Mar 04 13:51:48 GMT 2025","Services > fetch all services","SUPER_ADMIN","",""
"","189","Get Unique Appointment-ExpiredToken","FamaEMR - Test pack","Tue Mar 04 13:50:36 GMT 2025","passed","Tue Mar 04 13:50:36 GMT 2025","Appointment > Appointment-GetUnique","SUPER_ADMIN","",""
"","223","All Sponsor Plans","FamaEMR - Test pack","Tue Mar 04 13:52:30 GMT 2025","passed","Tue Mar 04 13:52:30 GMT 2025","Sponsors > Sponsor-GetAll","DOCTOR","",""
"","257","Get Imaging by plan_code-successful","FamaEMR - Test pack","Tue Mar 04 13:53:26 GMT 2025","passed","Tue Mar 04 13:53:26 GMT 2025","Services > Imaging by plan_code","RECEPTIONIST","",""
"","264","Update Patient (upi)-Update-Successful","FamaEMR - Test pack","Tue Mar 04 13:50:28 GMT 2025","passed","Tue Mar 04 13:50:28 GMT 2025","Users (Patient) > Users(Patient)-Update(upi)","SUPER_ADMIN","",""
"","187","Get Investigation by plan_code-InvalidToken","FamaEMR - Test pack","Tue Mar 04 13:52:35 GMT 2025","passed","Tue Mar 04 13:52:35 GMT 2025","Services > Investigation by plan_code","DOCTOR","",""
"","1870","Forgot Password - successful","FamaEMR - Test pack","Tue Mar 04 13:50:12 GMT 2025","passed","Tue Mar 04 13:50:14 GMT 2025","Authentication > Authentication - Forgot Password","SUPER_ADMIN","",""
"","197","Register Patient-SuperAdmin-InvalidEmail","FamaEMR - Test pack","Tue Mar 04 13:50:23 GMT 2025","passed","Tue Mar 04 13:50:23 GMT 2025","Users (Patient) > Users(Patient) - Register","SUPER_ADMIN","",""
"","220","Get otherservice by plan_code_InvalidPlanCode","FamaEMR - Test pack","Tue Mar 04 13:52:38 GMT 2025","passed","Tue Mar 04 13:52:38 GMT 2025","Services > Otherservice by plan_code","DOCTOR","",""
"","228","Search Patient by lastname-SuperAdmin-Successful","FamaEMR - Test pack","Tue Mar 04 13:50:26 GMT 2025","passed","Tue Mar 04 13:50:27 GMT 2025","Users (Patient) > Users(PatientSearch)","SUPER_ADMIN","",""
"","189","Schedule-Receptionist-ExpiredToken","FamaEMR - Test pack","Tue Mar 04 13:52:54 GMT 2025","passed","Tue Mar 04 13:52:55 GMT 2025","Appointment > Appointment > Appointment-Schedule","RECEPTIONIST","",""
"","189","Get Investigation by plan_code-InvalidToken","FamaEMR - Test pack","Tue Mar 04 13:53:26 GMT 2025","passed","Tue Mar 04 13:53:26 GMT 2025","Services > Investigation by plan_code","RECEPTIONIST","",""
"","188","Fetch generic-NoToken","FamaEMR - Test pack","Tue Mar 04 13:52:29 GMT 2025","passed","Tue Mar 04 13:52:29 GMT 2025","Drugs-FetchGenricDrugs","DOCTOR","",""
"","223","All Sponsor Plans","FamaEMR - Test pack","Tue Mar 04 13:53:19 GMT 2025","passed","Tue Mar 04 13:53:19 GMT 2025","Sponsors > Sponsor-GetAll","RECEPTIONIST","",""
"","191","Change Password-InvalidPassword","FamaEMR - Test pack","Tue Mar 04 13:50:29 GMT 2025","passed","Tue Mar 04 13:50:30 GMT 2025","Users(Staff) > Users(staff)-Password","SUPER_ADMIN","",""
"","188","Get Roles-Receptionist-InvalidToken","FamaEMR - Test pack","Tue Mar 04 13:52:53 GMT 2025","passed","Tue Mar 04 13:52:53 GMT 2025","Role-GetRoles","RECEPTIONIST","",""
"","224","Forgot Password - Invalid Email","FamaEMR - Test pack","Tue Mar 04 13:50:14 GMT 2025","passed","Tue Mar 04 13:50:14 GMT 2025","Authentication > Authentication - Forgot Password","SUPER_ADMIN","",""
"","187","Fetch Sponsors-ExpiredToken","FamaEMR - Test pack","Tue Mar 04 13:52:30 GMT 2025","passed","Tue Mar 04 13:52:30 GMT 2025","Sponsors > FetchSponsor","DOCTOR","",""
"","186","Get Investigation by plan_code-NoToken","FamaEMR - Test pack","Tue Mar 04 13:53:25 GMT 2025","passed","Tue Mar 04 13:53:26 GMT 2025","Services > Investigation by plan_code","RECEPTIONIST","",""
"","1542","Get All Patient- SuperAdmin-Successful","FamaEMR - Test pack","Tue Mar 04 13:50:24 GMT 2025","passed","Tue Mar 04 13:50:25 GMT 2025","Users (Patient) > Users(Patient) - ALL","SUPER_ADMIN","",""
"","268","Get otherservice by plan_code","FamaEMR - Test pack","Tue Mar 04 13:52:37 GMT 2025","passed","Tue Mar 04 13:52:37 GMT 2025","Services > Otherservice by plan_code","DOCTOR","",""
"","187","CreateSponsor-OtherAuth","FamaEMR - Test pack","Tue Mar 04 13:50:39 GMT 2025","passed","Tue Mar 04 13:50:39 GMT 2025","Sponsors > CreateSponsor","SUPER_ADMIN","",""
"","189","UpdateUniqueSponsor-NoToken","FamaEMR - Test pack","Tue Mar 04 13:50:41 GMT 2025","passed","Tue Mar 04 13:50:41 GMT 2025","Sponsors > Update-Unique-sponsor","SUPER_ADMIN","",""
"","199","Register(staff) - Unauthorized user access","FamaEMR - Test pack","Tue Mar 04 13:50:10 GMT 2025","passed","Tue Mar 04 13:50:10 GMT 2025","Authentication > Authentication - Register (staff)","SUPER_ADMIN","",""
"","187","Search Patient by uuid-Receptionist-InvalidToken","FamaEMR - Test pack","Tue Mar 04 13:52:49 GMT 2025","passed","Tue Mar 04 13:52:50 GMT 2025","Users(Patient) > Users(PatientSearch)","RECEPTIONIST","",""
"","189","Create-Service-NoToken","FamaEMR - Test pack","Tue Mar 04 13:51:46 GMT 2025","passed","Tue Mar 04 13:51:46 GMT 2025","Services > Service-Create","SUPER_ADMIN","",""
"","193","Fetch Unique Sponsor (uuid)-NoToken","FamaEMR - Test pack","Tue Mar 04 13:51:44 GMT 2025","passed","Tue Mar 04 13:51:44 GMT 2025","Sponsors > Fetch Unique Sponsor (uuid)","SUPER_ADMIN","",""
"","188","Get otherservice by plan_code-NoCode","FamaEMR - Test pack","Tue Mar 04 13:51:52 GMT 2025","passed","Tue Mar 04 13:51:52 GMT 2025","Services > Otherservice by plan_code","SUPER_ADMIN","",""
"","186","Non Clinical Staff-InvalidToken","FamaEMR - Test pack","Tue Mar 04 13:52:52 GMT 2025","passed","Tue Mar 04 13:52:52 GMT 2025","Users(Staff) > Users(Staff)-NoneClinical","RECEPTIONIST","",""
"","187","Create-NoToken","FamaEMR - Test pack","Tue Mar 04 13:52:06 GMT 2025","passed","Tue Mar 04 13:52:06 GMT 2025","Diagnosis > Diagnosis-Create","DOCTOR","",""
"","192","Update Patient (upi)-ExpiredToken","FamaEMR - Test pack","Tue Mar 04 13:50:28 GMT 2025","passed","Tue Mar 04 13:50:29 GMT 2025","Users (Patient) > Users(Patient)-Update(upi)","SUPER_ADMIN","",""
"","189","Search Patient by lastname-Doctor-InvalidToken","FamaEMR - Test pack","Tue Mar 04 13:52:03 GMT 2025","passed","Tue Mar 04 13:52:03 GMT 2025","Users(Patient) > Users(PatientSearch)","DOCTOR","",""
"","221","Get Roles - Super Admin - Not Found","FamaEMR - Test pack","Tue Mar 04 13:52:54 GMT 2025","passed","Tue Mar 04 13:52:54 GMT 2025","Role > Role-GetRoles > Role - Get Roles","RECEPTIONIST","",""
"","188","Get All Patient- Doctor-InvalidToken","FamaEMR - Test pack","Tue Mar 04 13:52:01 GMT 2025","passed","Tue Mar 04 13:52:01 GMT 2025","Users(Patient) > Users(Patient) - ALL","DOCTOR","",""
"","8","Encounters by patient id","FamaEMR - Test pack","Tue Mar 04 13:53:30 GMT 2025","broken","Tue Mar 04 13:53:30 GMT 2025","New Folder","Encounter","",""
"","187","Unique Patient Appointment (patient upi)-NoToken","FamaEMR - Test pack","Tue Mar 04 13:50:37 GMT 2025","passed","Tue Mar 04 13:50:37 GMT 2025","Appointment > Appointment-Patient upi","SUPER_ADMIN","",""
"","190","Create-Service-InvalidToken","FamaEMR - Test pack","Tue Mar 04 13:51:46 GMT 2025","passed","Tue Mar 04 13:51:46 GMT 2025","Services > Service-Create","SUPER_ADMIN","",""
"","187","Create - EmptyToken","FamaEMR - Test pack","Tue Mar 04 13:53:29 GMT 2025","passed","Tue Mar 04 13:53:29 GMT 2025","Create Encounter","Encounter","",""
"","187","Get Clinical Staff-SuperAdmin-NoToken","FamaEMR - Test pack","Tue Mar 04 13:50:31 GMT 2025","passed","Tue Mar 04 13:50:31 GMT 2025","Users(Staff) > Users(Staff)-Clinical","SUPER_ADMIN","",""
"","187","Get otherservice by plan_code-NoCode","FamaEMR - Test pack","Tue Mar 04 13:53:28 GMT 2025","passed","Tue Mar 04 13:53:28 GMT 2025","Services > Otherservice by plan_code","RECEPTIONIST","",""
"","188","Get Investigation by plan_code-ExpireToken","FamaEMR - Test pack","Tue Mar 04 13:52:35 GMT 2025","passed","Tue Mar 04 13:52:35 GMT 2025","Services > Investigation by plan_code","DOCTOR","",""
"","221","Reset Password-InvalidEmail","FamaEMR - Test pack","Tue Mar 04 13:51:57 GMT 2025","passed","Tue Mar 04 13:51:57 GMT 2025","Authentication > Authentication-ResetPassword","DOCTOR","",""
"","192","Verify Token-InvalidToken","FamaEMR - Test pack","Tue Mar 04 13:52:42 GMT 2025","passed","Tue Mar 04 13:52:42 GMT 2025","Authentication > Authentication-VerifyToken","RECEPTIONIST","",""
"","191","Verify Token - Successful","FamaEMR - Test pack","Tue Mar 04 13:52:41 GMT 2025","failed","Tue Mar 04 13:52:41 GMT 2025","Authentication > Authentication-VerifyToken","RECEPTIONIST","",""
"","188","Fetch Departments -Invalid Token","FamaEMR - Test pack","Tue Mar 04 13:52:43 GMT 2025","passed","Tue Mar 04 13:52:43 GMT 2025","Departments","RECEPTIONIST","",""
"","187","Fetch Service by type-InvalidToken","FamaEMR - Test pack","Tue Mar 04 13:52:34 GMT 2025","passed","Tue Mar 04 13:52:34 GMT 2025","Services > fetch all services by type","DOCTOR","",""
"","189","Fetch Unique Sponsor (uuid)-InvalidToken","FamaEMR - Test pack","Tue Mar 04 13:53:20 GMT 2025","passed","Tue Mar 04 13:53:20 GMT 2025","Sponsors > Fetch Unique Sponsor (uuid)","RECEPTIONIST","",""
"","188","fetch all services-ExpiredToken","FamaEMR - Test pack","Tue Mar 04 13:51:48 GMT 2025","passed","Tue Mar 04 13:51:48 GMT 2025","Services > fetch all services","SUPER_ADMIN","",""
"","258","Update unique sponsor-Successful","FamaEMR - Test pack","Tue Mar 04 13:50:40 GMT 2025","passed","Tue Mar 04 13:50:41 GMT 2025","Sponsors > Update-Unique-sponsor","SUPER_ADMIN","",""
"","187","Unique Patient Appointment (patient upi)-InvalidToken","FamaEMR - Test pack","Tue Mar 04 13:52:57 GMT 2025","passed","Tue Mar 04 13:52:58 GMT 2025","Appointment > Appointment > Appointment-Patient upi","RECEPTIONIST","",""
"","440","Fetch Departments - Successful","FamaEMR - Test pack","Tue Mar 04 13:50:18 GMT 2025","passed","Tue Mar 04 13:50:18 GMT 2025","Departments > Departments - Fetch Departments","SUPER_ADMIN","",""
"","195","Register Patient-Receptionist-InvalidEmail","FamaEMR - Test pack","Tue Mar 04 13:52:45 GMT 2025","passed","Tue Mar 04 13:52:45 GMT 2025","Users(Patient) > Users(Patient)-Register","RECEPTIONIST","",""
"","188","Create Sponsor-NoToken","FamaEMR - Test pack","Tue Mar 04 13:50:42 GMT 2025","passed","Tue Mar 04 13:50:43 GMT 2025","Sponsors > CreateSponsorPlan","SUPER_ADMIN","",""
"","261","Update Patient (upi)-Update","FamaEMR - Test pack","Tue Mar 04 13:52:04 GMT 2025","passed","Tue Mar 04 13:52:04 GMT 2025","Users(Patient) > Users(Patient)-Update(upi)","DOCTOR","",""
"","189","Login(staff) - Receptionist- InvalidEmail","FamaEMR - Test pack","Tue Mar 04 13:52:38 GMT 2025","passed","Tue Mar 04 13:52:39 GMT 2025","Authentication > Authntication-Login(NonClinicalStaff)","RECEPTIONIST","",""
"","188","Fetch Service by type-ExpiredToken","FamaEMR - Test pack","Tue Mar 04 13:51:49 GMT 2025","passed","Tue Mar 04 13:51:49 GMT 2025","Services > fetch all services by type","SUPER_ADMIN","",""
"","226","Search Patient by lastname-Receptionist-InvalidToken","FamaEMR - Test pack","Tue Mar 04 13:52:49 GMT 2025","failed","Tue Mar 04 13:52:49 GMT 2025","Users(Patient) > Users(PatientSearch)","RECEPTIONIST","",""
"","220","Unique Patient Appointment (patient upi)-Doctor-NotFound","FamaEMR - Test pack","Tue Mar 04 13:52:26 GMT 2025","passed","Tue Mar 04 13:52:27 GMT 2025","Appointment > Appointment-Patient upi","DOCTOR","",""
"","191","Fetch Service by type-ExpiredToken","FamaEMR - Test pack","Tue Mar 04 13:53:24 GMT 2025","passed","Tue Mar 04 13:53:25 GMT 2025","Services > fetch all services by type","RECEPTIONIST","",""
"","190","Get Imaging by plan_code-ExpiredToken","FamaEMR - Test pack","Tue Mar 04 13:53:27 GMT 2025","passed","Tue Mar 04 13:53:27 GMT 2025","Services > Imaging by plan_code","RECEPTIONIST","",""
"","187","Get otherservice by plan_code-InvalidToken","FamaEMR - Test pack","Tue Mar 04 13:51:52 GMT 2025","passed","Tue Mar 04 13:51:52 GMT 2025","Services > Otherservice by plan_code","SUPER_ADMIN","",""
"","186","Delete Unique Patient","FamaEMR - Test pack","Tue Mar 04 13:52:51 GMT 2025","passed","Tue Mar 04 13:52:51 GMT 2025","Users(Patient) > Users(Patient)-DEL","RECEPTIONIST","",""
"","223","FetchDepts - OfficeNoFound","FamaEMR - Test pack","Tue Mar 04 13:52:43 GMT 2025","passed","Tue Mar 04 13:52:43 GMT 2025","Departments","RECEPTIONIST","",""
"","188","Forgot Password - Missing Email Field","FamaEMR - Test pack","Tue Mar 04 13:52:41 GMT 2025","failed","Tue Mar 04 13:52:41 GMT 2025","Authentication > Authentication-ForgotPassword","RECEPTIONIST","",""
"","190","Fetch Sponsors-ExpiredToken","FamaEMR - Test pack","Tue Mar 04 13:50:40 GMT 2025","passed","Tue Mar 04 13:50:40 GMT 2025","Sponsors > FetchSponsor","SUPER_ADMIN","",""
"","192","Verify Token-InvalidToken","FamaEMR - Test pack","Tue Mar 04 13:51:56 GMT 2025","passed","Tue Mar 04 13:51:57 GMT 2025","Authentication > Authentication-VerifyToken","DOCTOR","",""
"","224","Get Unique Patient(upi)-SuperAdmin-Successful","FamaEMR - Test pack","Tue Mar 04 13:50:26 GMT 2025","passed","Tue Mar 04 13:50:26 GMT 2025","Users (Patient) > Users(Patient)-Unique(upi)","SUPER_ADMIN","",""
"","223","Unique Patient Appointment (patient upi)-Doctor","FamaEMR - Test pack","Tue Mar 04 13:52:26 GMT 2025","failed","Tue Mar 04 13:52:26 GMT 2025","Appointment > Appointment-Patient upi","DOCTOR","",""
"","399","Register Patient-Doctor-Sponsor-Successful","FamaEMR - Test pack","Tue Mar 04 13:51:58 GMT 2025","passed","Tue Mar 04 13:51:58 GMT 2025","Users(Patient) > Users(Patient)-Register","DOCTOR","",""
"","192","Register Patient-Doctor-NoToken","FamaEMR - Test pack","Tue Mar 04 13:51:59 GMT 2025","passed","Tue Mar 04 13:51:59 GMT 2025","Users(Patient) > Users(Patient)-Register","DOCTOR","",""
"","289","Create-Service-NotPermitted","FamaEMR - Test pack","Tue Mar 04 13:52:32 GMT 2025","passed","Tue Mar 04 13:52:33 GMT 2025","Services > Service-Create","DOCTOR","",""
"","6005","fetch-all-InvalidToken","FamaEMR - Test pack","Tue Mar 04 13:52:12 GMT 2025","passed","Tue Mar 04 13:52:18 GMT 2025","Diagnosis > FetchAll","DOCTOR","",""
"","189","Get Imaging by plan_code-NoToken","FamaEMR - Test pack","Tue Mar 04 13:53:26 GMT 2025","passed","Tue Mar 04 13:53:27 GMT 2025","Services > Imaging by plan_code","RECEPTIONIST","",""
"","220","Login(staff)- Doctor- InvalidEmail","FamaEMR - Test pack","Tue Mar 04 13:51:53 GMT 2025","failed","Tue Mar 04 13:51:53 GMT 2025","Authentication > Authntication-Login(ClinicalStaff)","DOCTOR","",""
"","190","Fetch Service by type-ExpiredToken","FamaEMR - Test pack","Tue Mar 04 13:52:34 GMT 2025","passed","Tue Mar 04 13:52:34 GMT 2025","Services > fetch all services by type","DOCTOR","",""
"","185","Unique Patient Appointment (patient upi)-NoToken","FamaEMR - Test pack","Tue Mar 04 13:52:27 GMT 2025","passed","Tue Mar 04 13:52:27 GMT 2025","Appointment > Appointment-Patient upi","DOCTOR","",""
"","333","fetch all services-Successful","FamaEMR - Test pack","Tue Mar 04 13:53:23 GMT 2025","passed","Tue Mar 04 13:53:23 GMT 2025","Services > fetch all services","RECEPTIONIST","",""
"","187","Get Roles - Super Admin - No Token","FamaEMR - Test pack","Tue Mar 04 13:50:21 GMT 2025","passed","Tue Mar 04 13:50:21 GMT 2025","Roles > Role - Get Roles","SUPER_ADMIN","",""
"","296","Create Department - successful","FamaEMR - Test pack","Tue Mar 04 13:50:16 GMT 2025","passed","Tue Mar 04 13:50:17 GMT 2025","Departments > Departments - Create Department","SUPER_ADMIN","",""
"","225","Register Patient-Doctor-EmptyOffice","FamaEMR - Test pack","Tue Mar 04 13:51:59 GMT 2025","passed","Tue Mar 04 13:51:59 GMT 2025","Users(Patient) > Users(Patient)-Register","DOCTOR","",""
"","188","Get Clinical Staff-Receptionist-ExpiredToken","FamaEMR - Test pack","Tue Mar 04 13:52:51 GMT 2025","passed","Tue Mar 04 13:52:51 GMT 2025","Users(Staff) > Users(Staff)-Clinical","RECEPTIONIST","",""
"","224","Create Role - Role Exists","FamaEMR - Test pack","Tue Mar 04 13:50:19 GMT 2025","passed","Tue Mar 04 13:50:19 GMT 2025","Roles > Role - Create","SUPER_ADMIN","",""
"","189","Search Patient by lastname-SuperAdmin-InvalidToken","FamaEMR - Test pack","Tue Mar 04 13:50:27 GMT 2025","passed","Tue Mar 04 13:50:27 GMT 2025","Users (Patient) > Users(PatientSearch)","SUPER_ADMIN","",""
"","223","Fetch Sponsors","FamaEMR - Test pack","Tue Mar 04 13:52:29 GMT 2025","passed","Tue Mar 04 13:52:29 GMT 2025","Sponsors > FetchSponsor","DOCTOR","",""
"","260","Get Appointments-Receptionist-Successful","FamaEMR - Test pack","Tue Mar 04 13:52:55 GMT 2025","failed","Tue Mar 04 13:52:55 GMT 2025","Appointment > Appointment > Appointment-Get","RECEPTIONIST","",""
"","191","Schedule-Doctor-NotPermitted","FamaEMR - Test pack","Tue Mar 04 13:52:24 GMT 2025","passed","Tue Mar 04 13:52:25 GMT 2025","Appointment > Schedule Appointment","DOCTOR","",""
"","194","Verify Token - Invalid Token","FamaEMR - Test pack","Tue Mar 04 13:50:15 GMT 2025","passed","Tue Mar 04 13:50:15 GMT 2025","Authentication > Authentication - Verify Token","SUPER_ADMIN","",""
"","223","Get Unique Appointment-SuperAdmin-Successful","FamaEMR - Test pack","Tue Mar 04 13:50:35 GMT 2025","passed","Tue Mar 04 13:50:36 GMT 2025","Appointment > Appointment-GetUnique","SUPER_ADMIN","",""
"","261","FetchDepts - Successful","FamaEMR - Test pack","Tue Mar 04 13:52:43 GMT 2025","passed","Tue Mar 04 13:52:43 GMT 2025","Departments","RECEPTIONIST","",""
"","190","Create-Service-ExpiredToken","FamaEMR - Test pack","Tue Mar 04 13:51:46 GMT 2025","passed","Tue Mar 04 13:51:46 GMT 2025","Services > Service-Create","SUPER_ADMIN","",""
"","189","Non Clinical Staff-ExpiredToken","FamaEMR - Test pack","Tue Mar 04 13:52:52 GMT 2025","passed","Tue Mar 04 13:52:52 GMT 2025","Users(Staff) > Users(Staff)-NoneClinical","RECEPTIONIST","",""
"","189","Reset Password - Missing Token","FamaEMR - Test pack","Tue Mar 04 13:51:57 GMT 2025","passed","Tue Mar 04 13:51:57 GMT 2025","Authentication > Authentication-ResetPassword","DOCTOR","",""
"","195","fetch all services-ExpiredToken","FamaEMR - Test pack","Tue Mar 04 13:52:33 GMT 2025","passed","Tue Mar 04 13:52:33 GMT 2025","Services > fetch all services","DOCTOR","",""
"","327","Login(staff) - Admin login successful","FamaEMR - Test pack","Tue Mar 04 13:50:11 GMT 2025","passed","Tue Mar 04 13:50:11 GMT 2025","Authentication > Authentication - Login (staff) - Admin","SUPER_ADMIN","",""
"","256","Get Roles - Super Admin-Successful","FamaEMR - Test pack","Tue Mar 04 13:50:20 GMT 2025","passed","Tue Mar 04 13:50:20 GMT 2025","Roles > Role - Get Roles","SUPER_ADMIN","",""
"","188","Get Appointments-Doctor-InvalidToken","FamaEMR - Test pack","Tue Mar 04 13:52:25 GMT 2025","passed","Tue Mar 04 13:52:25 GMT 2025","Appointment > Appointment-Get","DOCTOR","",""
"","187","Fetch Unique Sponsor (uuid)-NoToken","FamaEMR - Test pack","Tue Mar 04 13:53:20 GMT 2025","passed","Tue Mar 04 13:53:20 GMT 2025","Sponsors > Fetch Unique Sponsor (uuid)","RECEPTIONIST","",""
"","228","Delete Role by ID - successful","FamaEMR - Test pack","Tue Mar 04 13:50:21 GMT 2025","failed","Tue Mar 04 13:50:21 GMT 2025","Roles > Role - Delete","SUPER_ADMIN","",""
"","188","Fetch Sponsors-NoToken","FamaEMR - Test pack","Tue Mar 04 13:50:40 GMT 2025","passed","Tue Mar 04 13:50:40 GMT 2025","Sponsors > FetchSponsor","SUPER_ADMIN","",""
"","289","Create-Service-InvalidPrice","FamaEMR - Test pack","Tue Mar 04 13:51:46 GMT 2025","failed","Tue Mar 04 13:51:47 GMT 2025","Services > Service-Create","SUPER_ADMIN","",""
"","188","Get Imaging by plan_code -InvalidToken","FamaEMR - Test pack","Tue Mar 04 13:52:36 GMT 2025","passed","Tue Mar 04 13:52:36 GMT 2025","Services > Imaging by plan_code","DOCTOR","",""
"","187","Get All Patient- Receptionist-InvalidToken","FamaEMR - Test pack","Tue Mar 04 13:52:47 GMT 2025","passed","Tue Mar 04 13:52:47 GMT 2025","Users(Patient) > Users(Patient) - ALL","RECEPTIONIST","",""
"","341","fetch all services","FamaEMR - Test pack","Tue Mar 04 13:52:33 GMT 2025","passed","Tue Mar 04 13:52:33 GMT 2025","Services > fetch all services","DOCTOR","",""
"","187","All Sponsor Plans-NoToken","FamaEMR - Test pack","Tue Mar 04 13:53:19 GMT 2025","passed","Tue Mar 04 13:53:20 GMT 2025","Sponsors > Sponsor-GetAll","RECEPTIONIST","",""
"","191","CreateSponsor -ExpiredToken","FamaEMR - Test pack","Tue Mar 04 13:50:39 GMT 2025","passed","Tue Mar 04 13:50:39 GMT 2025","Sponsors > CreateSponsor","SUPER_ADMIN","",""
"","189","Get Roles-Receptionist-Successful","FamaEMR - Test pack","Tue Mar 04 13:52:53 GMT 2025","failed","Tue Mar 04 13:52:53 GMT 2025","Role-GetRoles","RECEPTIONIST","",""
"","224","Add Generic-AlreadyExists","FamaEMR - Test pack","Tue Mar 04 13:52:28 GMT 2025","failed","Tue Mar 04 13:52:28 GMT 2025","Drugs-AddGeneric","DOCTOR","",""
"","192","Change Password-ExpiredToken","FamaEMR - Test pack","Tue Mar 04 13:50:30 GMT 2025","passed","Tue Mar 04 13:50:30 GMT 2025","Users(Staff) > Users(staff)-Password","SUPER_ADMIN","",""
"","224","Search Patient by uuid-SuperAdmin-Successful","FamaEMR - Test pack","Tue Mar 04 13:50:27 GMT 2025","passed","Tue Mar 04 13:50:28 GMT 2025","Users (Patient) > Users(PatientSearch)","SUPER_ADMIN","",""
"","189","Create Sponsor-InvalidToken","FamaEMR - Test pack","Tue Mar 04 13:50:42 GMT 2025","passed","Tue Mar 04 13:50:42 GMT 2025","Sponsors > CreateSponsorPlan","SUPER_ADMIN","",""
"","190","Search Patient SuperAdmin-ExpiredToken","FamaEMR - Test pack","Tue Mar 04 13:50:27 GMT 2025","passed","Tue Mar 04 13:50:27 GMT 2025","Users (Patient) > Users(PatientSearch)","SUPER_ADMIN","",""
"","229","Reset Password-InvalidToken","FamaEMR - Test pack","Tue Mar 04 13:51:57 GMT 2025","passed","Tue Mar 04 13:51:57 GMT 2025","Authentication > Authentication-ResetPassword","DOCTOR","",""
"","280","Get Imaging by plan_code -InvalidToken","FamaEMR - Test pack","Tue Mar 04 13:53:27 GMT 2025","passed","Tue Mar 04 13:53:27 GMT 2025","Services > Imaging by plan_code","RECEPTIONIST","",""
"","227","Search Patient by upi-Receptionist-Successful","FamaEMR - Test pack","Tue Mar 04 13:52:49 GMT 2025","passed","Tue Mar 04 13:52:49 GMT 2025","Users(Patient) > Users(PatientSearch)","RECEPTIONIST","",""
"","1347","Get All Patient- Receptionist -Successful","FamaEMR - Test pack","Tue Mar 04 13:52:46 GMT 2025","passed","Tue Mar 04 13:52:47 GMT 2025","Users(Patient) > Users(Patient) - ALL","RECEPTIONIST","",""
"","223","Fetch Unique Sponsor (uuid)-NotFound","FamaEMR - Test pack","Tue Mar 04 13:51:44 GMT 2025","passed","Tue Mar 04 13:51:44 GMT 2025","Sponsors > Fetch Unique Sponsor (uuid)","SUPER_ADMIN","",""
"","189","fetch all services-ExpiredToken","FamaEMR - Test pack","Tue Mar 04 13:53:24 GMT 2025","passed","Tue Mar 04 13:53:24 GMT 2025","Services > fetch all services","RECEPTIONIST","",""
"","227","Fetch Unique Sponsor (uuid)","FamaEMR - Test pack","Tue Mar 04 13:52:31 GMT 2025","failed","Tue Mar 04 13:52:31 GMT 2025","Sponsors > Fetch Unique Sponsor (uuid)","DOCTOR","",""
"","228","Get Unique Appointment-Receptionist-Successful","FamaEMR - Test pack","Tue Mar 04 13:52:56 GMT 2025","passed","Tue Mar 04 13:52:56 GMT 2025","Appointment > Appointment > Appointment-GetUnique","RECEPTIONIST","",""
"","188","Get All Patient- SuperAdmin-InvalidToken","FamaEMR - Test pack","Tue Mar 04 13:50:25 GMT 2025","passed","Tue Mar 04 13:50:26 GMT 2025","Users (Patient) > Users(Patient) - ALL","SUPER_ADMIN","",""
"","191","Create-Service-Successful","FamaEMR - Test pack","Tue Mar 04 13:51:46 GMT 2025","failed","Tue Mar 04 13:51:46 GMT 2025","Services > Service-Create","SUPER_ADMIN","",""
"","194","Update Patient (upi)-InvalidToken","FamaEMR - Test pack","Tue Mar 04 13:52:04 GMT 2025","passed","Tue Mar 04 13:52:04 GMT 2025","Users(Patient) > Users(Patient)-Update(upi)","DOCTOR","",""
"","222","Get Unique Appointment-Doctor","FamaEMR - Test pack","Tue Mar 04 13:52:25 GMT 2025","passed","Tue Mar 04 13:52:26 GMT 2025","Appointment > Appointment-GetUnique","DOCTOR","",""
"","187","Get Appointments-NoToken","FamaEMR - Test pack","Tue Mar 04 13:52:25 GMT 2025","passed","Tue Mar 04 13:52:25 GMT 2025","Appointment > Appointment-Get","DOCTOR","",""
"","230","Register Patient-Doctor-EmailExist","FamaEMR - Test pack","Tue Mar 04 13:51:58 GMT 2025","passed","Tue Mar 04 13:51:59 GMT 2025","Users(Patient) > Users(Patient)-Register","DOCTOR","",""
"","11","Get Unique Encounter (uuid)","FamaEMR - Test pack","Tue Mar 04 13:53:30 GMT 2025","broken","Tue Mar 04 13:53:30 GMT 2025","New Folder","Encounter","",""
"","230","Reset Password - Successful","FamaEMR - Test pack","Tue Mar 04 13:51:57 GMT 2025","failed","Tue Mar 04 13:51:57 GMT 2025","Authentication > Authentication-ResetPassword","DOCTOR","",""
"","201","Update Patient (upi)-EmptyFields","FamaEMR - Test pack","Tue Mar 04 13:52:50 GMT 2025","passed","Tue Mar 04 13:52:50 GMT 2025","Users(Patient) > Users(Patient)-Update(upi)","RECEPTIONIST","",""
"","342","Login(staff)- Doctor- InvalidPassword","FamaEMR - Test pack","Tue Mar 04 13:51:53 GMT 2025","failed","Tue Mar 04 13:51:54 GMT 2025","Authentication > Authntication-Login(ClinicalStaff)","DOCTOR","",""
"","187","Get Roles - Super Admin - Invalid Token","FamaEMR - Test pack","Tue Mar 04 13:52:54 GMT 2025","passed","Tue Mar 04 13:52:54 GMT 2025","Role > Role-GetRoles > Role - Get Roles","RECEPTIONIST","",""
"","234","Register Patient-SuperAdmin-EmailExist","FamaEMR - Test pack","Tue Mar 04 13:50:23 GMT 2025","passed","Tue Mar 04 13:50:23 GMT 2025","Users (Patient) > Users(Patient) - Register","SUPER_ADMIN","",""
"","189","Add Generic-InvalidToken","FamaEMR - Test pack","Tue Mar 04 13:52:28 GMT 2025","passed","Tue Mar 04 13:52:28 GMT 2025","Drugs-AddGeneric","DOCTOR","",""
"","199","Reset Password - Missing Token","FamaEMR - Test pack","Tue Mar 04 13:52:42 GMT 2025","passed","Tue Mar 04 13:52:43 GMT 2025","Authentication > Authentication-ResetPassword","RECEPTIONIST","",""
"","192","Create Role - No Token","FamaEMR - Test pack","Tue Mar 04 13:50:20 GMT 2025","passed","Tue Mar 04 13:50:20 GMT 2025","Roles > Role - Create","SUPER_ADMIN","",""
"","224","Get Imaging by plan_code-InvalidPlanCode","FamaEMR - Test pack","Tue Mar 04 13:52:36 GMT 2025","passed","Tue Mar 04 13:52:37 GMT 2025","Services > Imaging by plan_code","DOCTOR","",""
"","320","Fetch generic Drugs-Successful","FamaEMR - Test pack","Tue Mar 04 13:53:17 GMT 2025","passed","Tue Mar 04 13:53:18 GMT 2025","Drugs-FetchGenricDrugs","RECEPTIONIST","",""
"","283","Create-Service-AlreadyExist","FamaEMR - Test pack","Tue Mar 04 13:53:23 GMT 2025","passed","Tue Mar 04 13:53:23 GMT 2025","Services > Service-Create","RECEPTIONIST","",""
"","189","Update Patient (upi)-InvalidToken","FamaEMR - Test pack","Tue Mar 04 13:52:50 GMT 2025","passed","Tue Mar 04 13:52:50 GMT 2025","Users(Patient) > Users(Patient)-Update(upi)","RECEPTIONIST","",""
"","229","Reset Password - successful","FamaEMR - Test pack","Tue Mar 04 13:50:15 GMT 2025","failed","Tue Mar 04 13:50:15 GMT 2025","Authentication > Authentication - Reset Password","SUPER_ADMIN","",""
"","187","fetch all services-InvalidToken","FamaEMR - Test pack","Tue Mar 04 13:52:33 GMT 2025","passed","Tue Mar 04 13:52:34 GMT 2025","Services > fetch all services","DOCTOR","",""
"","857","Login(staff) - Authentication","FamaEMR - Test pack","Tue Mar 04 13:50:07 GMT 2025","passed","Tue Mar 04 13:50:08 GMT 2025","Authentication > Authentication - Register (staff)","SUPER_ADMIN","",""
"","313","Fetch generic","FamaEMR - Test pack","Tue Mar 04 13:52:28 GMT 2025","passed","Tue Mar 04 13:52:29 GMT 2025","Drugs-FetchGenricDrugs","DOCTOR","",""
"","187","Get Roles - Super Admin - No Token","FamaEMR - Test pack","Tue Mar 04 13:52:54 GMT 2025","passed","Tue Mar 04 13:52:54 GMT 2025","Role > Role-GetRoles > Role - Get Roles","RECEPTIONIST","",""
"","187","Fetch Service by type-InvalidToken","FamaEMR - Test pack","Tue Mar 04 13:51:49 GMT 2025","passed","Tue Mar 04 13:51:49 GMT 2025","Services > fetch all services by type","SUPER_ADMIN","",""
"","189","Create-Service-InvalidToken","FamaEMR - Test pack","Tue Mar 04 13:53:22 GMT 2025","passed","Tue Mar 04 13:53:22 GMT 2025","Services > Service-Create","RECEPTIONIST","",""
"","226","Reset Password -successful","FamaEMR - Test pack","Tue Mar 04 13:52:42 GMT 2025","passed","Tue Mar 04 13:52:42 GMT 2025","Authentication > Authentication-ResetPassword","RECEPTIONIST","",""
"","189","Create Role - Invalid Token","FamaEMR - Test pack","Tue Mar 04 13:50:19 GMT 2025","passed","Tue Mar 04 13:50:19 GMT 2025","Roles > Role - Create","SUPER_ADMIN","",""
"","187","Get Appointments-Receptionist-InvalidToken","FamaEMR - Test pack","Tue Mar 04 13:52:56 GMT 2025","passed","Tue Mar 04 13:52:56 GMT 2025","Appointment > Appointment > Appointment-Get","RECEPTIONIST","",""
"","285","Create-Service-Successful","FamaEMR - Test pack","Tue Mar 04 13:53:21 GMT 2025","failed","Tue Mar 04 13:53:22 GMT 2025","Services > Service-Create","RECEPTIONIST","",""
"","188","fetch all services-InvalidToken","FamaEMR - Test pack","Tue Mar 04 13:53:24 GMT 2025","passed","Tue Mar 04 13:53:24 GMT 2025","Services > fetch all services","RECEPTIONIST","",""
"","188","Get Unique Plan by Name-InvalidToken","FamaEMR - Test pack","Tue Mar 04 13:53:21 GMT 2025","passed","Tue Mar 04 13:53:21 GMT 2025","Sponsors > Get Unique Plan by Name","RECEPTIONIST","",""
"","223","Get Investigation by plan_code-InvalidPlanCode","FamaEMR - Test pack","Tue Mar 04 13:51:50 GMT 2025","passed","Tue Mar 04 13:51:50 GMT 2025","Services > Investigation by plan_code","SUPER_ADMIN","",""
"","220","Forgot- InvalidEmail","FamaEMR - Test pack","Tue Mar 04 13:51:56 GMT 2025","passed","Tue Mar 04 13:51:56 GMT 2025","Authentication > Authentication-ForgotPassword","DOCTOR","",""
"","260","Get Appointments-SuperAdmin-Successful","FamaEMR - Test pack","Tue Mar 04 13:50:35 GMT 2025","failed","Tue Mar 04 13:50:35 GMT 2025","Appointment > Appointment-Get","SUPER_ADMIN","",""
"","190","Create-ExpiredToken","FamaEMR - Test pack","Tue Mar 04 13:52:05 GMT 2025","passed","Tue Mar 04 13:52:06 GMT 2025","Diagnosis > Diagnosis-Create","DOCTOR","",""
"","230","Get Unique Patient(upi)-Doctor-NotFound","FamaEMR - Test pack","Tue Mar 04 13:52:02 GMT 2025","passed","Tue Mar 04 13:52:02 GMT 2025","Users(Patient) > Users(Patient)-Unique(upi)","DOCTOR","",""
"","190","Update unique sponsor-NotPermitted","FamaEMR - Test pack","Tue Mar 04 13:50:41 GMT 2025","failed","Tue Mar 04 13:50:41 GMT 2025","Sponsors > Update-Unique-sponsor","SUPER_ADMIN","",""
"","192","Forgot Password - Empty Email Field","FamaEMR - Test pack","Tue Mar 04 13:50:14 GMT 2025","failed","Tue Mar 04 13:50:15 GMT 2025","Authentication > Authentication - Forgot Password","SUPER_ADMIN","",""
"","223","Reset Password-InvalidEmail","FamaEMR - Test pack","Tue Mar 04 13:52:42 GMT 2025","passed","Tue Mar 04 13:52:42 GMT 2025","Authentication > Authentication-ResetPassword","RECEPTIONIST","",""
"","187","Get Unique Plan by Name-NoToken","FamaEMR - Test pack","Tue Mar 04 13:51:45 GMT 2025","passed","Tue Mar 04 13:51:45 GMT 2025","Sponsors > Get Unique Plan by Name","SUPER_ADMIN","",""
"","198","Register(staff) - Password Required","FamaEMR - Test pack","Tue Mar 04 13:50:10 GMT 2025","passed","Tue Mar 04 13:50:11 GMT 2025","Authentication > Authentication - Register (staff)","SUPER_ADMIN","",""
"","404","Register Patient-Doctor-Self-Successful","FamaEMR - Test pack","Tue Mar 04 13:51:57 GMT 2025","passed","Tue Mar 04 13:51:58 GMT 2025","Users(Patient) > Users(Patient)-Register","DOCTOR","",""
"","192","Create Role - Expired Token","FamaEMR - Test pack","Tue Mar 04 13:50:20 GMT 2025","passed","Tue Mar 04 13:50:20 GMT 2025","Roles > Role - Create","SUPER_ADMIN","",""
"","187","Get Unique Patient(upi)-Doctor-InvalidToken","FamaEMR - Test pack","Tue Mar 04 13:52:02 GMT 2025","passed","Tue Mar 04 13:52:02 GMT 2025","Users(Patient) > Users(Patient)-Unique(upi)","DOCTOR","",""
"","192","Update Patient (upi)-ExpiredToken","FamaEMR - Test pack","Tue Mar 04 13:52:50 GMT 2025","passed","Tue Mar 04 13:52:51 GMT 2025","Users(Patient) > Users(Patient)-Update(upi)","RECEPTIONIST","",""
"","321","Fetch generic Drugs-Successful","FamaEMR - Test pack","Tue Mar 04 13:50:37 GMT 2025","passed","Tue Mar 04 13:50:38 GMT 2025","Drugs-FetchGenricDrugs","SUPER_ADMIN","",""
"","224","Unique Patient Appointment (patient upi)-Receptionist-Successful","FamaEMR - Test pack","Tue Mar 04 13:52:57 GMT 2025","failed","Tue Mar 04 13:52:57 GMT 2025","Appointment > Appointment > Appointment-Patient upi","RECEPTIONIST","",""
"","188","Create-FieldsRequired","FamaEMR - Test pack","Tue Mar 04 13:52:06 GMT 2025","passed","Tue Mar 04 13:52:06 GMT 2025","Diagnosis > Diagnosis-Create","DOCTOR","",""
"","191","Get Appointments-ExpiredToken","FamaEMR - Test pack","Tue Mar 04 13:50:35 GMT 2025","passed","Tue Mar 04 13:50:35 GMT 2025","Appointment > Appointment-Get","SUPER_ADMIN","",""
"","194","Register Patient-SuperAdmin-NoToken","FamaEMR - Test pack","Tue Mar 04 13:50:23 GMT 2025","passed","Tue Mar 04 13:50:23 GMT 2025","Users (Patient) > Users(Patient) - Register","SUPER_ADMIN","",""
"","188","CreateSponsor-InvalidToken","FamaEMR - Test pack","Tue Mar 04 13:50:39 GMT 2025","passed","Tue Mar 04 13:50:39 GMT 2025","Sponsors > CreateSponsor","SUPER_ADMIN","",""
"","187","Get otherservice by plan_code-InvalidToken","FamaEMR - Test pack","Tue Mar 04 13:53:28 GMT 2025","passed","Tue Mar 04 13:53:28 GMT 2025","Services > Otherservice by plan_code","RECEPTIONIST","",""
"","189","Get Roles - Super Admin - Invalid Token","FamaEMR - Test pack","Tue Mar 04 13:50:21 GMT 2025","passed","Tue Mar 04 13:50:21 GMT 2025","Roles > Role - Get Roles","SUPER_ADMIN","",""
"","5985","fetch-all-ExpiredToken","FamaEMR - Test pack","Tue Mar 04 13:53:11 GMT 2025","passed","Tue Mar 04 13:53:17 GMT 2025","Diagnosis-FetchAll","RECEPTIONIST","",""
"","219","Get Unique Appointment-NoFound","FamaEMR - Test pack","Tue Mar 04 13:52:26 GMT 2025","passed","Tue Mar 04 13:52:26 GMT 2025","Appointment > Appointment-GetUnique","DOCTOR","",""
"","223","Fetch Service by type-Successful","FamaEMR - Test pack","Tue Mar 04 13:53:24 GMT 2025","passed","Tue Mar 04 13:53:24 GMT 2025","Services > fetch all services by type","RECEPTIONIST","",""
"","222","Get Unique Plan by Name","FamaEMR - Test pack","Tue Mar 04 13:53:20 GMT 2025","passed","Tue Mar 04 13:53:21 GMT 2025","Sponsors > Get Unique Plan by Name","RECEPTIONIST","",""
"","190","Get Unique Patient(upi)-Receptionist-ExpiredToken","FamaEMR - Test pack","Tue Mar 04 13:52:48 GMT 2025","passed","Tue Mar 04 13:52:48 GMT 2025","Users(Patient) > Users(Patient)-Unique(upi)","RECEPTIONIST","",""
"","221","Update Appointment (uuid)","FamaEMR - Test pack","Tue Mar 04 13:52:58 GMT 2025","passed","Tue Mar 04 13:52:58 GMT 2025","Appointment > Appointment > Appointment-Update","RECEPTIONIST","",""
"","226","Search Patient by uuid-Doctor","FamaEMR - Test pack","Tue Mar 04 13:52:03 GMT 2025","passed","Tue Mar 04 13:52:03 GMT 2025","Users(Patient) > Users(PatientSearch)","DOCTOR","",""
"","191","Get Clinical Staff-SuperAdmin-InvalidToken","FamaEMR - Test pack","Tue Mar 04 13:50:31 GMT 2025","passed","Tue Mar 04 13:50:31 GMT 2025","Users(Staff) > Users(Staff)-Clinical","SUPER_ADMIN","",""
"","228","Reset Password - Invalid Token","FamaEMR - Test pack","Tue Mar 04 13:50:15 GMT 2025","passed","Tue Mar 04 13:50:16 GMT 2025","Authentication > Authentication - Reset Password","SUPER_ADMIN","",""
"","226","Fetch Service by type","FamaEMR - Test pack","Tue Mar 04 13:52:34 GMT 2025","passed","Tue Mar 04 13:52:34 GMT 2025","Services > fetch all services by type","DOCTOR","",""
"","188","Create-InvalidToken","FamaEMR - Test pack","Tue Mar 04 13:52:06 GMT 2025","passed","Tue Mar 04 13:52:06 GMT 2025","Diagnosis > Diagnosis-Create","DOCTOR","",""
"","194","Verify Token - successful","FamaEMR - Test pack","Tue Mar 04 13:50:15 GMT 2025","passed","Tue Mar 04 13:50:15 GMT 2025","Authentication > Authentication - Verify Token","SUPER_ADMIN","",""
"","190","Create-ExpiredToke","FamaEMR - Test pack","Tue Mar 04 13:53:30 GMT 2025","passed","Tue Mar 04 13:53:30 GMT 2025","Create Encounter","Encounter","",""
"","229","Create-Service-SponsorNotFound","FamaEMR - Test pack","Tue Mar 04 13:51:47 GMT 2025","passed","Tue Mar 04 13:51:47 GMT 2025","Services > Service-Create","SUPER_ADMIN","",""
"","187","Fetch generic-InvalidToken","FamaEMR - Test pack","Tue Mar 04 13:52:29 GMT 2025","passed","Tue Mar 04 13:52:29 GMT 2025","Drugs-FetchGenricDrugs","DOCTOR","",""
"","200","Register(staff) - EmptyFee","FamaEMR - Test pack","Tue Mar 04 13:50:11 GMT 2025","failed","Tue Mar 04 13:50:11 GMT 2025","Authentication > Authentication - Register (staff)","SUPER_ADMIN","",""
"","272","Register Patient-Receptionist-EmptyOffice","FamaEMR - Test pack","Tue Mar 04 13:52:45 GMT 2025","passed","Tue Mar 04 13:52:46 GMT 2025","Users(Patient) > Users(Patient)-Register","RECEPTIONIST","",""
"","189","Fetch generic Drugs-ExpiredToken","FamaEMR - Test pack","Tue Mar 04 13:50:38 GMT 2025","passed","Tue Mar 04 13:50:38 GMT 2025","Drugs-FetchGenricDrugs","SUPER_ADMIN","",""
"","313","Login(staff)- Receptionist- InvalidPassword","FamaEMR - Test pack","Tue Mar 04 13:52:39 GMT 2025","failed","Tue Mar 04 13:52:39 GMT 2025","Authentication > Authntication-Login(NonClinicalStaff)","RECEPTIONIST","",""
"","192","Register(staff) - No Token","FamaEMR - Test pack","Tue Mar 04 13:50:11 GMT 2025","passed","Tue Mar 04 13:50:11 GMT 2025","Authentication > Authentication - Register (staff)","SUPER_ADMIN","",""
"","225","Change Password-UserNotFound","FamaEMR - Test pack","Tue Mar 04 13:50:29 GMT 2025","passed","Tue Mar 04 13:50:29 GMT 2025","Users(Staff) > Users(staff)-Password","SUPER_ADMIN","",""
"","185","Get Unique by uuid-NoToken","FamaEMR - Test pack","Tue Mar 04 13:50:33 GMT 2025","passed","Tue Mar 04 13:50:33 GMT 2025","Users(Staff) > Users(Staff)-Unique-uuid","SUPER_ADMIN","",""
"","222","Get Doctor consultation","FamaEMR - Test pack","Tue Mar 04 13:53:28 GMT 2025","passed","Tue Mar 04 13:53:29 GMT 2025","","Consultation","",""
"","231","All Sponsor Plans-Successful","FamaEMR - Test pack","Tue Mar 04 13:51:43 GMT 2025","passed","Tue Mar 04 13:51:43 GMT 2025","Sponsors > Sponsor-GetAll","SUPER_ADMIN","",""
"","201","Update Patient (upi)-EmptyFields","FamaEMR - Test pack","Tue Mar 04 13:52:04 GMT 2025","passed","Tue Mar 04 13:52:04 GMT 2025","Users(Patient) > Users(Patient)-Update(upi)","DOCTOR","",""
"","193","Register Patient-Receptionist-ExpiredToken","FamaEMR - Test pack","Tue Mar 04 13:52:44 GMT 2025","passed","Tue Mar 04 13:52:45 GMT 2025","Users(Patient) > Users(Patient)-Register","RECEPTIONIST","",""
"","189","Verify Token- EmptyToken","FamaEMR - Test pack","Tue Mar 04 13:52:41 GMT 2025","passed","Tue Mar 04 13:52:42 GMT 2025","Authentication > Authentication-VerifyToken","RECEPTIONIST","",""
"","187","Get Imaging by plan_code-NoToken","FamaEMR - Test pack","Tue Mar 04 13:51:51 GMT 2025","passed","Tue Mar 04 13:51:51 GMT 2025","Services > Imaging by plan_code","SUPER_ADMIN","",""
"","224","Unique Patient Appointment (patient upi)-SuperAdmin-Successful","FamaEMR - Test pack","Tue Mar 04 13:50:36 GMT 2025","failed","Tue Mar 04 13:50:36 GMT 2025","Appointment > Appointment-Patient upi","SUPER_ADMIN","",""
"","262","Get Imaging by plan_code-Successful","FamaEMR - Test pack","Tue Mar 04 13:51:50 GMT 2025","passed","Tue Mar 04 13:51:51 GMT 2025","Services > Imaging by plan_code","SUPER_ADMIN","",""
"","187","Non Clinical Staff- NoToken","FamaEMR - Test pack","Tue Mar 04 13:50:32 GMT 2025","passed","Tue Mar 04 13:50:32 GMT 2025","Users(Staff) > Users(Staff)-NoneClinical","SUPER_ADMIN","",""
"","192","Register(staff) - Invalid Token","FamaEMR - Test pack","Tue Mar 04 13:50:11 GMT 2025","passed","Tue Mar 04 13:50:11 GMT 2025","Authentication > Authentication - Register (staff)","SUPER_ADMIN","",""
"","188","All Sponsor Plans-InvalidToken","FamaEMR - Test pack","Tue Mar 04 13:53:19 GMT 2025","passed","Tue Mar 04 13:53:19 GMT 2025","Sponsors > Sponsor-GetAll","RECEPTIONIST","",""
"","259","Create Role - successful","FamaEMR - Test pack","Tue Mar 04 13:50:19 GMT 2025","passed","Tue Mar 04 13:50:19 GMT 2025","Roles > Role - Create","SUPER_ADMIN","",""
"","185","Non Clinical Staff- NoToken","FamaEMR - Test pack","Tue Mar 04 13:52:52 GMT 2025","passed","Tue Mar 04 13:52:53 GMT 2025","Users(Staff) > Users(Staff)-NoneClinical","RECEPTIONIST","",""
"","233","Register Patient-Receptionist-EmailExist","FamaEMR - Test pack","Tue Mar 04 13:52:45 GMT 2025","passed","Tue Mar 04 13:52:45 GMT 2025","Users(Patient) > Users(Patient)-Register","RECEPTIONIST","",""
"","188","Get Unique Patient(upi)-Doctor-ExpiredToken","FamaEMR - Test pack","Tue Mar 04 13:52:02 GMT 2025","passed","Tue Mar 04 13:52:02 GMT 2025","Users(Patient) > Users(Patient)-Unique(upi)","DOCTOR","",""
"","418","Register Patient-SuperAdmin-Sponsor-Successful","FamaEMR - Test pack","Tue Mar 04 13:50:22 GMT 2025","passed","Tue Mar 04 13:50:22 GMT 2025","Users (Patient) > Users(Patient) - Register","SUPER_ADMIN","",""
"","187","Schedule-Receptionist-InvalidToken","FamaEMR - Test pack","Tue Mar 04 13:52:55 GMT 2025","passed","Tue Mar 04 13:52:55 GMT 2025","Appointment > Appointment > Appointment-Schedule","RECEPTIONIST","",""
"","222","Reset Password-InvalidToken","FamaEMR - Test pack","Tue Mar 04 13:52:42 GMT 2025","passed","Tue Mar 04 13:52:42 GMT 2025","Authentication > Authentication-ResetPassword","RECEPTIONIST","",""
"","188","Schedule-SuperAdmin-NoToken","FamaEMR - Test pack","Tue Mar 04 13:50:34 GMT 2025","passed","Tue Mar 04 13:50:34 GMT 2025","Appointment > Appointment-Schedule","SUPER_ADMIN","",""
"","1854","Forgot- Successful-Successful","FamaEMR - Test pack","Tue Mar 04 13:51:54 GMT 2025","passed","Tue Mar 04 13:51:56 GMT 2025","Authentication > Authentication-ForgotPassword","DOCTOR","",""
"","188","Create - Invalid-Patient-ID","FamaEMR - Test pack","Tue Mar 04 13:53:29 GMT 2025","passed","Tue Mar 04 13:53:29 GMT 2025","Create Encounter","Encounter","",""
"","189","Fetch generic Drugs-InvalidToken","FamaEMR - Test pack","Tue Mar 04 13:50:38 GMT 2025","passed","Tue Mar 04 13:50:38 GMT 2025","Drugs-FetchGenricDrugs","SUPER_ADMIN","",""
"","226","Fetch Sponsors-Successful","FamaEMR - Test pack","Tue Mar 04 13:53:18 GMT 2025","passed","Tue Mar 04 13:53:18 GMT 2025","Sponsors > FetchSponsor","RECEPTIONIST","",""
"","187","Search Patient by uuid-Doctor-InvalidToken","FamaEMR - Test pack","Tue Mar 04 13:52:03 GMT 2025","passed","Tue Mar 04 13:52:04 GMT 2025","Users(Patient) > Users(PatientSearch)","DOCTOR","",""
"","187","Get Investigation by plan_code-InvalidToken","FamaEMR - Test pack","Tue Mar 04 13:51:50 GMT 2025","passed","Tue Mar 04 13:51:50 GMT 2025","Services > Investigation by plan_code","SUPER_ADMIN","",""
"","190","Verify Token- EmptyToken","FamaEMR - Test pack","Tue Mar 04 13:51:56 GMT 2025","passed","Tue Mar 04 13:51:56 GMT 2025","Authentication > Authentication-VerifyToken","DOCTOR","",""
"","221","Get Unique Appointment-NoFound","FamaEMR - Test pack","Tue Mar 04 13:52:56 GMT 2025","passed","Tue Mar 04 13:52:57 GMT 2025","Appointment > Appointment > Appointment-GetUnique","RECEPTIONIST","",""
"","197","Get All Patient-Receptionist-ExpiredToken","FamaEMR - Test pack","Tue Mar 04 13:52:47 GMT 2025","passed","Tue Mar 04 13:52:47 GMT 2025","Users(Patient) > Users(Patient) - ALL","RECEPTIONIST","",""
"","223","Forgot- InvalidEmail","FamaEMR - Test pack","Tue Mar 04 13:52:41 GMT 2025","passed","Tue Mar 04 13:52:41 GMT 2025","Authentication > Authentication-ForgotPassword","RECEPTIONIST","",""
"","221","Get Unique Appointment-Receptionist-InvalidToken","FamaEMR - Test pack","Tue Mar 04 13:52:56 GMT 2025","failed","Tue Mar 04 13:52:56 GMT 2025","Appointment > Appointment > Appointment-GetUnique","RECEPTIONIST","",""
"","295","Create-Service-AlreadyExist","FamaEMR - Test pack","Tue Mar 04 13:51:47 GMT 2025","passed","Tue Mar 04 13:51:47 GMT 2025","Services > Service-Create","SUPER_ADMIN","",""
"","198","Register(staff) - Clinical - Expired Token","FamaEMR - Test pack","Tue Mar 04 13:50:10 GMT 2025","passed","Tue Mar 04 13:50:10 GMT 2025","Authentication > Authentication - Register (staff)","SUPER_ADMIN","",""
"","270","Get Investigation by plan_code-Successful","FamaEMR - Test pack","Tue Mar 04 13:51:49 GMT 2025","passed","Tue Mar 04 13:51:50 GMT 2025","Services > Investigation by plan_code","SUPER_ADMIN","",""
"","188","Get Investigation by plan_code-InvalidPlanCode","FamaEMR - Test pack","Tue Mar 04 13:52:35 GMT 2025","failed","Tue Mar 04 13:52:36 GMT 2025","Services > Investigation by plan_code","DOCTOR","",""
"","223","Get Unique Plan by Name- NotFound","FamaEMR - Test pack","Tue Mar 04 13:51:45 GMT 2025","failed","Tue Mar 04 13:51:45 GMT 2025","Sponsors > Get Unique Plan by Name","SUPER_ADMIN","",""
"","205","Schedule-Receptionist-Successful","FamaEMR - Test pack","Tue Mar 04 13:52:54 GMT 2025","failed","Tue Mar 04 13:52:54 GMT 2025","Appointment > Appointment > Appointment-Schedule","RECEPTIONIST","",""
"","191","Search Patient Receptionist-ExpiredToken","FamaEMR - Test pack","Tue Mar 04 13:52:48 GMT 2025","passed","Tue Mar 04 13:52:49 GMT 2025","Users(Patient) > Users(PatientSearch)","RECEPTIONIST","",""
"","265","Get Investigation by plan_code","FamaEMR - Test pack","Tue Mar 04 13:52:35 GMT 2025","passed","Tue Mar 04 13:52:35 GMT 2025","Services > Investigation by plan_code","DOCTOR","",""
"","187","Get Unique Plan by Name-NoToken","FamaEMR - Test pack","Tue Mar 04 13:52:32 GMT 2025","passed","Tue Mar 04 13:52:32 GMT 2025","Sponsors > Get Unique Plan by Name","DOCTOR","",""
"","188","Get Imaging by plan_code-ExpiredToken","FamaEMR - Test pack","Tue Mar 04 13:52:36 GMT 2025","passed","Tue Mar 04 13:52:36 GMT 2025","Services > Imaging by plan_code","DOCTOR","",""
"","196","Register Patient-SuperAdmin-ExpiredToken","FamaEMR - Test pack","Tue Mar 04 13:50:22 GMT 2025","passed","Tue Mar 04 13:50:23 GMT 2025","Users (Patient) > Users(Patient) - Register","SUPER_ADMIN","",""
"","230","Register(staff) - NonClinical - Email Exists","FamaEMR - Test pack","Tue Mar 04 13:50:09 GMT 2025","passed","Tue Mar 04 13:50:09 GMT 2025","Authentication > Authentication - Register (staff)","SUPER_ADMIN","",""
"","188","Get Unique by uuid-ExpireedToken","FamaEMR - Test pack","Tue Mar 04 13:50:33 GMT 2025","passed","Tue Mar 04 13:50:33 GMT 2025","Users(Staff) > Users(Staff)-Unique-uuid","SUPER_ADMIN","",""
"","186","Get Clinical Staff-Receptionist-NoToken","FamaEMR - Test pack","Tue Mar 04 13:52:51 GMT 2025","passed","Tue Mar 04 13:52:52 GMT 2025","Users(Staff) > Users(Staff)-Clinical","RECEPTIONIST","",""
"","306","Create - Successful","FamaEMR - Test pack","Tue Mar 04 13:53:29 GMT 2025","passed","Tue Mar 04 13:53:29 GMT 2025","Create Encounter","Encounter","",""
"","6026","fetch-all-ExpiredToken","FamaEMR - Test pack","Tue Mar 04 13:52:18 GMT 2025","passed","Tue Mar 04 13:52:24 GMT 2025","Diagnosis > FetchAll","DOCTOR","",""
"","417","Register(staff) - Successful Non-Clinical registration","FamaEMR - Test pack","Tue Mar 04 13:50:09 GMT 2025","passed","Tue Mar 04 13:50:09 GMT 2025","Authentication > Authentication - Register (staff)","SUPER_ADMIN","",""
"","261","Register Patient-SuperAdmin-EmptyOffice","FamaEMR - Test pack","Tue Mar 04 13:50:23 GMT 2025","passed","Tue Mar 04 13:50:24 GMT 2025","Users (Patient) > Users(Patient) - Register","SUPER_ADMIN","",""
"","60223","Create Sponsor-NameRequired","FamaEMR - Test pack","Tue Mar 04 13:50:43 GMT 2025","failed","Tue Mar 04 13:51:43 GMT 2025","Sponsors > CreateSponsorPlan","SUPER_ADMIN","",""
"","187","Get Roles-Receptionist-NoToken","FamaEMR - Test pack","Tue Mar 04 13:52:53 GMT 2025","passed","Tue Mar 04 13:52:53 GMT 2025","Role-GetRoles","RECEPTIONIST","",""
"","190","Get Appointments-Receptionist-ExpiredToken","FamaEMR - Test pack","Tue Mar 04 13:52:55 GMT 2025","passed","Tue Mar 04 13:52:56 GMT 2025","Appointment > Appointment > Appointment-Get","RECEPTIONIST","",""
"","186","Unique Patient Appointment (patient upi)-NoToken","FamaEMR - Test pack","Tue Mar 04 13:52:58 GMT 2025","passed","Tue Mar 04 13:52:58 GMT 2025","Appointment > Appointment > Appointment-Patient upi","RECEPTIONIST","",""
"","188","Fetch generic-ExpiredToken","FamaEMR - Test pack","Tue Mar 04 13:52:29 GMT 2025","passed","Tue Mar 04 13:52:29 GMT 2025","Drugs-FetchGenricDrugs","DOCTOR","",""
"","188","Get Appointments-Receptionist-NoToken","FamaEMR - Test pack","Tue Mar 04 13:52:56 GMT 2025","passed","Tue Mar 04 13:52:56 GMT 2025","Appointment > Appointment > Appointment-Get","RECEPTIONIST","",""
"","188","Get otherservice by plan_code-InvalidToken","FamaEMR - Test pack","Tue Mar 04 13:52:37 GMT 2025","passed","Tue Mar 04 13:52:38 GMT 2025","Services > Otherservice by plan_code","DOCTOR","",""
"","189","Fetch Departments -Invalid Token","FamaEMR - Test pack","Tue Mar 04 13:50:18 GMT 2025","passed","Tue Mar 04 13:50:18 GMT 2025","Departments > Departments - Fetch Departments","SUPER_ADMIN","",""
"","191","Get Unique Patient(upi)-Receptionist-InvalidToken","FamaEMR - Test pack","Tue Mar 04 13:52:48 GMT 2025","passed","Tue Mar 04 13:52:48 GMT 2025","Users(Patient) > Users(Patient)-Unique(upi)","RECEPTIONIST","",""
"","221","Get Unique Plan by Name","FamaEMR - Test pack","Tue Mar 04 13:52:31 GMT 2025","passed","Tue Mar 04 13:52:32 GMT 2025","Sponsors > Get Unique Plan by Name","DOCTOR","",""
"","457","Register Patient-Receptionist-Self - successful","FamaEMR - Test pack","Tue Mar 04 13:52:43 GMT 2025","passed","Tue Mar 04 13:52:44 GMT 2025","Users(Patient) > Users(Patient)-Register","RECEPTIONIST","",""
"","189","Fetch generic Drugs-ExpiredToken","FamaEMR - Test pack","Tue Mar 04 13:53:18 GMT 2025","passed","Tue Mar 04 13:53:18 GMT 2025","Drugs-FetchGenricDrugs","RECEPTIONIST","",""
"","225","Get Unique by uuid-Successful","FamaEMR - Test pack","Tue Mar 04 13:50:32 GMT 2025","passed","Tue Mar 04 13:50:33 GMT 2025","Users(Staff) > Users(Staff)-Unique-uuid","SUPER_ADMIN","",""
"","187","Fetch generic Drugs-NoToken","FamaEMR - Test pack","Tue Mar 04 13:53:18 GMT 2025","passed","Tue Mar 04 13:53:18 GMT 2025","Drugs-FetchGenricDrugs","RECEPTIONIST","",""
"","188","Fetch Departments -No Token","FamaEMR - Test pack","Tue Mar 04 13:50:18 GMT 2025","passed","Tue Mar 04 13:50:18 GMT 2025","Departments > Departments - Fetch Departments","SUPER_ADMIN","",""
"","190","Update Patient (upi)-InvalidToken","FamaEMR - Test pack","Tue Mar 04 13:50:28 GMT 2025","passed","Tue Mar 04 13:50:28 GMT 2025","Users (Patient) > Users(Patient)-Update(upi)","SUPER_ADMIN","",""
"","190","Fetch Service by type-InvalidServiceType","FamaEMR - Test pack","Tue Mar 04 13:52:34 GMT 2025","passed","Tue Mar 04 13:52:35 GMT 2025","Services > fetch all services by type","DOCTOR","",""
"","188","Get Imaging by plan_code -InvalidToken","FamaEMR - Test pack","Tue Mar 04 13:51:51 GMT 2025","passed","Tue Mar 04 13:51:51 GMT 2025","Services > Imaging by plan_code","SUPER_ADMIN","",""
"","201","Schedule-SuperAdmin-ExpiredToken","FamaEMR - Test pack","Tue Mar 04 13:50:34 GMT 2025","passed","Tue Mar 04 13:50:34 GMT 2025","Appointment > Appointment-Schedule","SUPER_ADMIN","",""
"","410","Register Patient-Receptionist-Sponsor - Successful","FamaEMR - Test pack","Tue Mar 04 13:52:44 GMT 2025","passed","Tue Mar 04 13:52:44 GMT 2025","Users(Patient) > Users(Patient)-Register","RECEPTIONIST","",""
"","224","Reset Password - Invalid Email","FamaEMR - Test pack","Tue Mar 04 13:50:16 GMT 2025","failed","Tue Mar 04 13:50:16 GMT 2025","Authentication > Authentication - Reset Password","SUPER_ADMIN","",""
"","189","Fetch Sponsors-NoToken","FamaEMR - Test pack","Tue Mar 04 13:53:19 GMT 2025","passed","Tue Mar 04 13:53:19 GMT 2025","Sponsors > FetchSponsor","RECEPTIONIST","",""
"","188","Get otherservice by plan_code-NoCode","FamaEMR - Test pack","Tue Mar 04 13:52:37 GMT 2025","passed","Tue Mar 04 13:52:37 GMT 2025","Services > Otherservice by plan_code","DOCTOR","",""
"","188","Get Investigation by plan_code-ExpireToken","FamaEMR - Test pack","Tue Mar 04 13:51:50 GMT 2025","passed","Tue Mar 04 13:51:50 GMT 2025","Services > Investigation by plan_code","SUPER_ADMIN","",""
"","221","Get Unique Patient(upi)-Doctor-NotFound","FamaEMR - Test pack","Tue Mar 04 13:52:48 GMT 2025","passed","Tue Mar 04 13:52:48 GMT 2025","Users(Patient) > Users(Patient)-Unique(upi)","RECEPTIONIST","",""
"","223","Fetch Department - Office Not Found","FamaEMR - Test pack","Tue Mar 04 13:50:18 GMT 2025","passed","Tue Mar 04 13:50:19 GMT 2025","Departments > Departments - Fetch Departments","SUPER_ADMIN","",""
"","190","Get All Patient-SuperAdmin-ExpiredToken","FamaEMR - Test pack","Tue Mar 04 13:50:25 GMT 2025","passed","Tue Mar 04 13:50:25 GMT 2025","Users (Patient) > Users(Patient) - ALL","SUPER_ADMIN","",""
